protocol_version,packet_version,reviewer_id,reviewer_role,wave_id,sequence_in_wave,claim_id,claim_kind,canonical_section,priority,contexts,evidence_status,publication_state,privacy_scope,required_signals,content_key,source_block_ref,source_section_title,source_excerpt,external_evidence,internal_evidence,review_reason,decision,construct_fit_rating_1_4,evidence_fit_rating_1_4,inference_scope_rating_1_4,language_safety_rating_1_4,risk_flags,required_revision,rationale,reviewer_confidence,conflict_of_interest
enakq-trait-map-expert-review.v0.1,ENAKQ-EXPERT-PACKET.v0.1,,relationship_safety,W1,1,ENAKQ.comparison.nonjudgment,boundary,communication_guide,critical,general,SAFETY_POLICY,review_candidate,public_safe,domain_scores,trait-map.enakq.comparison.nonjudgment,ENAKQ-P14-07,자주 생기는 오해와 대화법,"본인이 아는 마음속 경험과 다른 사람이 본 행동은 서로 다른 정보를 담을 수 있어요. 성격의 자기·타인 지각 연구는 어떤 특성이 밖에서 더 잘 보이고 어떤 경험은 본인이 더 알 수 있는지에 따라 정보가 달라질 수 있다고 봐요. 어느 한쪽이 항상 더 정확하다는 뜻은 아니며, 상대가 본 행동으로 속마음을 대신 판단할 수도 없어요. 오해가 생기면 코드 설명을 증거로 내세우기보다 구체적인 장면을 말해요. 나는 A라서 너를 배려한 거야보다 약속을 미루면 편할 거라고 생각해서 묻지 않고 바꿨어라고 행동과 추측을 나누어요. 상대는 그 행동이 자신에게 어떤 영향을 줬는지 말할 수 있어요. 의도와 영향이 다를 수 있다는 사실을 코드로 승패를 가리지 않아요. 비교 리포트의 대화 질문도 상대를 분석하는 퀴즈가 아니에요. 너는 이 유형이니 이렇게 해가 아니라 이 상황에서 무엇이 편했는지, 다음에는 어떤 행동을 원했는지를 서로 답하는 구조여야 해요. 코드는 대화를 시작하는 배경이고, 실제 합의는 두 사람이 공개한 경험과 선택으로 만들어요.",dyadic 방법론+비교 정책,ENAKQ Part 5 claim mapping,"관계 결정론, 임상·낙인·문화 규범, 개인정보와 사용자 안전을 검토",,,,,,,,,,
enakq-trait-map-expert-review.v0.1,ENAKQ-EXPERT-PACKET.v0.1,,relationship_safety,W1,2,ENAKQ.crush.boundary,boundary,person_of_interest,critical,person_of_interest,SAFETY_POLICY,review_candidate,public_safe,domain_scores;relationship_context,trait-map.enakq.crush.boundary,ENAKQ-P10-07,마음 가는 사람을 알아갈 때,"상대를 알고 싶은 마음이 커도 공개하지 않은 검사 결과와 개인 정보까지 알 권리가 생기지는 않아요. 상대가 공유한 대표 코드와 공개에 동의한 세부 성향만 볼 수 있어야 해요. 게시물, 접속 시간, 팔로우 관계를 모아 상대의 속마음이나 호감 여부를 추정하는 기능도 제공하지 않아요. 마음 가는 사람을 알아갈 때에는 네 가지를 돌아볼 수 있어요. 내가 직접 본 행동과 추측을 나누었는지, 연락과 만남에 상대가 선택할 여지가 있는지, 나도 원하는 속도와 경계를 말했는지, 답이 없거나 거절됐을 때 그 선택을 존중할 수 있는지 살펴봐요. 이는 좋은 답을 내야 사랑받는다는 시험이 아니라 자신의 다음 행동을 안전하게 고르는 질문이에요. 불확실함 때문에 잠을 거의 못 자거나 일상이 오래 무너지거나, 확인 행동을 멈추기 어렵거나, 상대가 위협과 통제를 하는 상황은 성향 가이드로 해결하지 않아요. 앱은 ENAKQ 설명 대신 믿을 수 있는 사람과 전문 지원, 필요한 안전 자원으로 연결해야 해요. 호감 관계를 이어갈지 멈출지는 코드가 아니라 본인의 선택과 실제 관계 경험으로 결정해요.",개인정보·관계 안전 정책,ENAKQ Part 4 claim mapping,"관계 결정론, 임상·낙인·문화 규범, 개인정보와 사용자 안전을 검토",,,,,,,,,,
enakq-trait-map-expert-review.v0.1,ENAKQ-EXPERT-PACKET.v0.1,,relationship_safety,W1,3,ENAKQ.crush.similarity,boundary,person_of_interest,critical,person_of_interest,EXTERNAL_SUPPORTED_BOUNDARY,review_candidate,public_safe,domain_scores;relationship_context,trait-map.enakq.crush.similarity,ENAKQ-P10-06,마음 가는 사람을 알아갈 때,"나와 코드가 비슷한 사람에게 더 끌린다고 단정할 수 없어요. 실제 첫 만남을 조사한 한 연구에서는 Big Five 성향의 실제 유사성과 서로 비슷하다고 지각한 정도가 초기 호감과 관련되지 않았어요. 이 연구 한 편으로 모든 문화와 관계를 결론 내릴 수는 없지만, 같은 글자 수를 끌릴 가능성이나 잘 맞을 확률로 바꾸지 않아야 한다는 경계에는 도움이 돼요. 마음이 가는 이유에는 외모, 대화에서 느낀 편안함, 가치와 관심사, 만난 시기, 함께한 경험처럼 뉴앙 코드가 측정하지 않는 정보가 많아요. 같은 ENAKQ여도 좋아하는 활동과 연락 방식이 다르고, 코드가 달라도 서로의 차이를 흥미롭게 느낄 수 있어요. 뉴앙은 왜 끌렸는지 대신 설명하거나 상대의 호감을 예측하지 않아요. 비교 기능은 이 사람은 나를 좋아할까요?에 답하는 화면이 아니라, 직접 확인하면 좋은 차이를 정리하는 화면이어야 해요. 함께 있을 때의 에너지, 새로운 경험을 고르는 방식, 마음과 해결 중 먼저 주의가 가는 곳, 약속을 이어가는 방식, 불확실할 때 원하는 확인을 나눠 볼 수 있어요. 결과는 관계 판정이 아니라 대화를 시작할 질문이에요.",INITIAL-ATTRACTION-2023,ENAKQ Part 4 claim mapping,"관계 결정론, 임상·낙인·문화 규범, 개인정보와 사용자 안전을 검토",,,,,,,,,,
enakq-trait-map-expert-review.v0.1,ENAKQ-EXPERT-PACKET.v0.1,,relationship_safety,W1,4,ENAKQ.evidence.ai_boundary,evidence_statement,limitations_and_evidence,critical,general,SAFETY_POLICY,review_candidate,public_safe,,trait-map.enakq.evidence.ai_boundary,ENAKQ-P15-05,근거와 아직 모르는 것,"성향 정보는 사용 목적과 공개 범위를 지켜야 해요. 본인 리포트, 공개 프로필, 두 사람 비교, 연구용 자료는 필요한 필드가 서로 달라요. 직접 문항 응답, 원점수, 과정 자료, 최근 정신건강과 위기 정보는 기본 비공개로 두고, 상대를 좋아하거나 가족이라는 이유로 접근 범위를 넓히지 않아요. 뉴앙 결과를 채용·승진·보험·신용·교육 기회·상대의 위험성 판정에 사용하지 않아요. 비교 기능은 관계 성공과 궁합을 예측하지 않고 두 사람이 직접 확인할 질문을 제공해요. 사용자가 공유를 취소하거나 공개 범위를 바꾸면 이후 접근을 막고, 기존 비교 결과의 공개 정보도 다시 확인해야 해요. 글과 사진, 활동 기록을 AI가 분석해 성향·호감·정신건강을 추정하지 않아요. AI는 사용자가 직접 작성한 비민감 정보를 정리하거나 문구 선택을 돕는 제한된 역할만 맡을 수 있고, 추론 근거와 실패 가능성을 숨기지 않아야 해요. 민감한 결과를 모델 학습에 쓰려면 별도이고 명확한 동의와 삭제 경로가 필요해요.",제품 안전 정책,ENAKQ Part 5 claim mapping,"관계 결정론, 임상·낙인·문화 규범, 개인정보와 사용자 안전을 검토",,,,,,,,,,
enakq-trait-map-expert-review.v0.1,ENAKQ-EXPERT-PACKET.v0.1,,relationship_safety,W1,5,ENAKQ.evidence.intended_use,evidence_statement,limitations_and_evidence,critical,general,SAFETY_POLICY,review_candidate,public_safe,,trait-map.enakq.evidence.intended_use,ENAKQ-P15-05,근거와 아직 모르는 것,"성향 정보는 사용 목적과 공개 범위를 지켜야 해요. 본인 리포트, 공개 프로필, 두 사람 비교, 연구용 자료는 필요한 필드가 서로 달라요. 직접 문항 응답, 원점수, 과정 자료, 최근 정신건강과 위기 정보는 기본 비공개로 두고, 상대를 좋아하거나 가족이라는 이유로 접근 범위를 넓히지 않아요. 뉴앙 결과를 채용·승진·보험·신용·교육 기회·상대의 위험성 판정에 사용하지 않아요. 비교 기능은 관계 성공과 궁합을 예측하지 않고 두 사람이 직접 확인할 질문을 제공해요. 사용자가 공유를 취소하거나 공개 범위를 바꾸면 이후 접근을 막고, 기존 비교 결과의 공개 정보도 다시 확인해야 해요. 글과 사진, 활동 기록을 AI가 분석해 성향·호감·정신건강을 추정하지 않아요. AI는 사용자가 직접 작성한 비민감 정보를 정리하거나 문구 선택을 돕는 제한된 역할만 맡을 수 있고, 추론 근거와 실패 가능성을 숨기지 않아야 해요. 민감한 결과를 모델 학습에 쓰려면 별도이고 명확한 동의와 삭제 경로가 필요해요.",TEST-STANDARDS+제품 정책,ENAKQ Part 5 claim mapping,"관계 결정론, 임상·낙인·문화 규범, 개인정보와 사용자 안전을 검토",,,,,,,,,,
enakq-trait-map-expert-review.v0.1,ENAKQ-EXPERT-PACKET.v0.1,,relationship_safety,W1,6,ENAKQ.evidence.norms,evidence_statement,limitations_and_evidence,critical,general,SAFETY_POLICY,review_candidate,public_safe,,trait-map.enakq.evidence.norms,ENAKQ-P15-03,근거와 아직 모르는 것,"영어 문항을 자연스럽게 번역하는 것만으로 한국어 검사가 완성되지 않아요. 국제 검사 적응 지침은 번역 전 조건부터 문항 개발, 경험적 확인, 시행, 점수 해석, 문서화까지 문화와 언어의 등가성을 검토하도록 안내해요. 뉴앙은 직역보다 한국어 장면에서 같은 의미로 이해되는지를 확인해야 해요. 연락, 가족 역할, 감정 표현, 회의 발언처럼 문화와 세대에 따라 기대가 다른 행동은 특히 조심해야 해요. 한 연령대와 한 생활방식에서 만든 규칙을 모두에게 적용하지 않고, 다양한 가족·관계·직업·지역 사용자가 문장을 어떻게 받아들이는지 확인해야 해요. 번역된 원척도 결과도 한국 사용자 규준으로 바로 사용할 수 없어요. 현재 뉴앙에는 운영에 사용할 공식 백분위 규준이 없어요. 사용자가 전체 이용자 중 상위 몇 퍼센트인지, 특정 코드가 얼마나 드문지 표본이 대표성을 갖기 전에는 보여주지 않아요. 앱 이용자 표본은 가입 경로와 관심 때문에 전체 인구와 다를 수 있으므로 이용자 비율을 한국인의 성향 분포라고 부르지 않아요.",Berkeley BFI+내부 정책,ENAKQ Part 5 claim mapping,"관계 결정론, 임상·낙인·문화 규범, 개인정보와 사용자 안전을 검토",,,,,,,,,,
enakq-trait-map-expert-review.v0.1,ENAKQ-EXPERT-PACKET.v0.1,,relationship_safety,W1,7,ENAKQ.evidence.privacy,evidence_statement,limitations_and_evidence,critical,general,SAFETY_POLICY,review_candidate,public_safe,,trait-map.enakq.evidence.privacy,ENAKQ-P15-05,근거와 아직 모르는 것,"성향 정보는 사용 목적과 공개 범위를 지켜야 해요. 본인 리포트, 공개 프로필, 두 사람 비교, 연구용 자료는 필요한 필드가 서로 달라요. 직접 문항 응답, 원점수, 과정 자료, 최근 정신건강과 위기 정보는 기본 비공개로 두고, 상대를 좋아하거나 가족이라는 이유로 접근 범위를 넓히지 않아요. 뉴앙 결과를 채용·승진·보험·신용·교육 기회·상대의 위험성 판정에 사용하지 않아요. 비교 기능은 관계 성공과 궁합을 예측하지 않고 두 사람이 직접 확인할 질문을 제공해요. 사용자가 공유를 취소하거나 공개 범위를 바꾸면 이후 접근을 막고, 기존 비교 결과의 공개 정보도 다시 확인해야 해요. 글과 사진, 활동 기록을 AI가 분석해 성향·호감·정신건강을 추정하지 않아요. AI는 사용자가 직접 작성한 비민감 정보를 정리하거나 문구 선택을 돕는 제한된 역할만 맡을 수 있고, 추론 근거와 실패 가능성을 숨기지 않아야 해요. 민감한 결과를 모델 학습에 쓰려면 별도이고 명확한 동의와 삭제 경로가 필요해요.",공개·비공개 정책,ENAKQ Part 5 claim mapping,"관계 결정론, 임상·낙인·문화 규범, 개인정보와 사용자 안전을 검토",,,,,,,,,,
enakq-trait-map-expert-review.v0.1,ENAKQ-EXPERT-PACKET.v0.1,,relationship_safety,W1,8,ENAKQ.evidence.versioning,evidence_statement,limitations_and_evidence,critical,general,SAFETY_POLICY,review_candidate,public_safe,,trait-map.enakq.evidence.versioning,ENAKQ-P15-04,근거와 아직 모르는 것,"검사 결과에는 측정 오차와 시간에 따른 변동이 있어요. 한 번의 결과가 사람의 고정된 본질은 아니며, 점수가 경계에 가까우면 두 방향이 비슷하다는 정보를 함께 보여줘야 해요. 추가 질문은 정확성을 보완할 수 있지만 어떤 경우에도 완전한 확실성을 보장하지 않아요. 같은 ENAKQ 안에서도 세부 성향 점수, 처음 드는 생각과 실제 나타나는 반응, 상황 경험이 다를 수 있어요. 대표 지도는 가능한 경향의 범위를 제공하고, 개인 리포트는 실제로 측정하고 공개가 허용된 정보만으로 범위를 좁혀야 해요. 비어 있는 정보를 역할명과 인기 유형 서사로 채우지 않아요. 문항·채점·경계·문구가 바뀌면 버전과 변경 이유를 남겨야 해요. 과거 결과를 새 기준으로 몰래 다시 해석하지 않고, 중요한 변경이 있으면 사용자에게 다시 검사할지 선택하게 해요. 연구에서 지지되지 않은 claim은 보류하거나 제거하고, 보기 좋은 문장을 지키기 위해 근거 기준을 낮추지 않아요.",제품 지식 계약,ENAKQ Part 5 claim mapping,"관계 결정론, 임상·낙인·문화 규범, 개인정보와 사용자 안전을 검토",,,,,,,,,,
enakq-trait-map-expert-review.v0.1,ENAKQ-EXPERT-PACKET.v0.1,,relationship_safety,W1,9,ENAKQ.friend.similarity,boundary,friend,critical,friend,EXTERNAL_SUPPORTED,review_candidate,public_safe,domain_scores;relationship_context,trait-map.enakq.friend.similarity,ENAKQ-P8-06,친구와 가까워지는 방식,"같은 뉴앙 코드를 가진 친구가 더 편하다고 단정할 수 없어요. 같은 ENAKQ여도 표현 시작, 새로운 경험의 종류, 고민을 들을 때의 실제 반응, 연락 기대가 다를 수 있어요. 글자가 다른 친구와도 서로의 방식이 분명하고 존중되면 편한 관계가 될 수 있어요. 친구 비교에서는 같은 글자 수보다 함께할 때의 에너지, 새로운 활동의 선호, 고민을 들을 때 필요한 반응, 일정과 연락을 이어가는 방식, 불확실한 순간의 확인 방식을 나누어 보여주는 편이 유용해요. 공통점은 자연스럽게 편할 수 있는 시작점이고, 차이는 누가 바뀌어야 한다는 경고가 아니라 미리 물어볼 질문이에요. 성향이 비슷하게 나타났다는 결과도 두 사람이 친구로 잘 맞을 확률이 아니에요. 공유한 경험, 신뢰, 갈등 뒤 행동, 서로의 선택을 존중하는지는 코드 밖의 중요한 정보예요. 뉴앙은 우정을 판정하지 않고, 두 사람이 아직 말하지 않았던 차이를 쉽게 꺼낼 수 있도록 돕는 역할을 해야 해요.","FRIEND-DYAD-2023, FRIEND-2026",ENAKQ Part 3 claim mapping,"관계 결정론, 임상·낙인·문화 규범, 개인정보와 사용자 안전을 검토",,,,,,,,,,
enakq-trait-map-expert-review.v0.1,ENAKQ-EXPERT-PACKET.v0.1,,relationship_safety,W1,10,ENAKQ.growth.privacy,boundary,strengths_and_growth,critical,general,SAFETY_POLICY,review_candidate,public_safe,domain_scores,trait-map.enakq.growth.privacy,ENAKQ-P13-08,"강점, 과하게 쓸 때, 작은 실험","성향은 비교적 반복되는 경향이지만 평생 같은 행동만 해야 한다는 뜻은 아니에요. 연구에서는 임상·비임상 개입 뒤 성격 자기보고가 달라진 사례와 디지털 개입에서 사용자가 원한 방향의 변화가 보고됐어요. 하지만 여러 요소가 포함된 수개월 개입의 결과를 뉴앙의 짧은 질문이나 작은 실험 효과로 바꿀 수는 없어요. 뉴앙의 성장 기능은 사용자가 바꾸고 싶은 행동을 직접 고르는 선택형 기능이어야 해요. 반대 글자가 되라고 권하거나, Q를 낮추고 K를 높이는 식의 좋은 방향을 정하지 않아요. 다음 한 번에 해볼 행동, 그 행동이 필요한 상황, 도움이 되었는지 확인할 기준만 정하고, 원하지 않으면 시작하지 않거나 언제든 그만둘 수 있어야 해요. 실험 기록은 본인 전용으로 두고 공개 코드나 비교 점수에 자동 반영하지 않아요. 완료 횟수로 성장 등급을 매기거나 친구와 경쟁시키지 않아요. 행동이 달라져도 대표 성향이 바뀌었다고 즉시 판정하지 않으며, 성향을 다시 확인하려면 적절한 간격·같은 기준·별도 재검사 정책이 필요해요.",개인정보·과정 비공개 정책,ENAKQ Part 5 claim mapping,"관계 결정론, 임상·낙인·문화 규범, 개인정보와 사용자 안전을 검토",,,,,,,,,,
enakq-trait-map-expert-review.v0.1,ENAKQ-EXPERT-PACKET.v0.1,,relationship_safety,W1,11,ENAKQ.partner.similarity,boundary,partner,critical,partner,EXTERNAL_SUPPORTED_BOUNDARY,review_candidate,public_safe,domain_scores;relationship_context,trait-map.enakq.partner.similarity,ENAKQ-P9-09,연인과 마음을 나눌 때,"연인과 같은 코드가 많아도 관계가 잘될 확률로 바꿀 수 없어요. 같은 E여도 한 사람은 자주 대화할 때 에너지가 오르고 다른 사람은 함께 활동할 때 더 편할 수 있어요. 같은 A여도 실제 반응은 A→A와 A→G로 갈릴 수 있고, 같은 K여도 시작·지속과 질서·구조의 점수가 다를 수 있어요. 코드가 다른 자리도 관계의 약점이 아니에요. 한 사람은 가능성을 충분히 펼치고 싶고 다른 사람은 확인된 조건부터 보고 싶을 수 있어요. 차이가 있으면 누가 옳은지 정하기보다 어떤 결정에서 탐색이 필요하고 언제 사실을 확인할지 역할을 나눌 수 있어요. 비슷한 자리는 자연스럽게 이해되는 부분일 수 있지만, 대화를 생략해도 된다는 뜻은 아니에요. 나와 비교하기에서는 공통점, 차이가 크게 나타난 자리, 서로 오해할 수 있는 장면, 직접 물어볼 질문을 보여줘요. 잘 맞는 유형, 힘든 유형, 궁합 90점 대신 두 사람에게 편할 수 있는 방식과 미리 확인하면 좋은 기대를 제공해요. 관계의 결과를 판정하기보다 다음 대화를 더 구체적으로 만드는 것이 비교 리포트의 역할이에요.","DYAD-2010; DYAD-2010, ROMANTIC-2023; Part 3 관계 연구",비교 가드레일; ENAKQ Part 3 claim mapping; ENAKQ Part 4 claim mapping,"관계 결정론, 임상·낙인·문화 규범, 개인정보와 사용자 안전을 검토",,,,,,,,,,
enakq-trait-map-expert-review.v0.1,ENAKQ-EXPERT-PACKET.v0.1,,relationship_safety,W1,12,ENAKQ.stress.clinical_boundary,boundary,stress_and_recovery,critical,general,SAFETY_POLICY,review_candidate,public_safe,domain_scores,trait-map.enakq.stress.clinical_boundary,ENAKQ-P12-07,부담이 커질 때와 회복,"성향지도는 정신건강 선별이나 상담을 대신하지 않아요. 걱정과 불편한 감정이 오래 이어지고 잠, 식사, 학업, 업무, 관계 같은 일상 기능이 크게 어려워졌다면 ENAKQ 설명보다 전문적인 확인이 필요할 수 있어요. 앱은 진단명을 추정하지 않고 사용자가 있는 지역의 믿을 수 있는 상담·의료 자원을 찾을 수 있게 도와야 해요. 자해나 타해의 위험, 폭력과 위협, 즉각적인 안전 문제가 있는 상황에서는 성향별 대화법이나 회복 실험을 먼저 보여주지 않아요. 긴급한 지역 지원과 주변의 믿을 수 있는 사람에게 연결하는 안전 흐름을 우선해요. 사용자가 답한 민감 정보는 공개 프로필과 비교 리포트에 사용하지 않아야 해요. ENAKQ 결과가 현재의 어려움을 설명해 주는 것처럼 느껴질 수 있지만, 코드가 원인이라는 뜻은 아니에요. 성향은 자신을 비난하거나 어려움을 참고 버틸 이유가 아니라, 평소 반응을 관찰할 하나의 언어예요. 회복은 좋은 유형이 되는 과정이 아니라 필요한 환경과 지원을 찾고 자신의 상태를 돌보는 과정으로 안내해야 해요.",ER 정의+제품 안전,ENAKQ Part 4 claim mapping,"관계 결정론, 임상·낙인·문화 규범, 개인정보와 사용자 안전을 검토",,,,,,,,,,
enakq-trait-map-expert-review.v0.1,ENAKQ-EXPERT-PACKET.v0.1,,relationship_safety,W1,13,ENAKQ.stress.safety,boundary,stress_and_recovery,critical,general,SAFETY_POLICY,review_candidate,public_safe,domain_scores,trait-map.enakq.stress.safety,ENAKQ-P12-07,부담이 커질 때와 회복,"성향지도는 정신건강 선별이나 상담을 대신하지 않아요. 걱정과 불편한 감정이 오래 이어지고 잠, 식사, 학업, 업무, 관계 같은 일상 기능이 크게 어려워졌다면 ENAKQ 설명보다 전문적인 확인이 필요할 수 있어요. 앱은 진단명을 추정하지 않고 사용자가 있는 지역의 믿을 수 있는 상담·의료 자원을 찾을 수 있게 도와야 해요. 자해나 타해의 위험, 폭력과 위협, 즉각적인 안전 문제가 있는 상황에서는 성향별 대화법이나 회복 실험을 먼저 보여주지 않아요. 긴급한 지역 지원과 주변의 믿을 수 있는 사람에게 연결하는 안전 흐름을 우선해요. 사용자가 답한 민감 정보는 공개 프로필과 비교 리포트에 사용하지 않아야 해요. ENAKQ 결과가 현재의 어려움을 설명해 주는 것처럼 느껴질 수 있지만, 코드가 원인이라는 뜻은 아니에요. 성향은 자신을 비난하거나 어려움을 참고 버틸 이유가 아니라, 평소 반응을 관찰할 하나의 언어예요. 회복은 좋은 유형이 되는 과정이 아니라 필요한 환경과 지원을 찾고 자신의 상태를 돌보는 과정으로 안내해야 해요.",제품 안전 정책,ENAKQ Part 4 claim mapping,"관계 결정론, 임상·낙인·문화 규범, 개인정보와 사용자 안전을 검토",,,,,,,,,,
enakq-trait-map-expert-review.v0.1,ENAKQ-EXPERT-PACKET.v0.1,,relationship_safety,W1,14,ENAKQ.work.boundary,boundary,work,critical,work,SAFETY_POLICY,review_candidate,public_safe,domain_scores;relationship_context,trait-map.enakq.work.boundary,ENAKQ-P11-08,일하고 공부할 때,"ENAKQ가 일과 공부에서 편하게 능력을 발휘할 환경을 한 문장으로 정할 수는 없어요. 사람과 자주 소통하는 환경이 E를 드러낼 수 있지만 집중 시간이 부족하면 힘들 수 있고, 자유로운 과제가 N을 드러낼 수 있지만 기준이 모호하면 Q의 걱정이 커질 수 있어요. 명확한 계획은 K에 편할 수 있지만 새로운 조건을 반영하기 어려운 구조가 될 수도 있어요. 그래서 환경을 고를 때에는 코드 이름보다 실제 경험을 확인해요. 언제 의견을 편하게 냈는지, 탐색과 결정에 각각 얼마나 시간이 필요했는지, 협업에서 어떤 정보가 있어야 상대를 배려하면서 기준을 지킬 수 있었는지, 시작과 지속에 도움이 된 조건은 무엇인지, 평가 때 어떤 지원이 실제로 도움이 되었는지 돌아볼 수 있어요. 이 기록은 적합한 직업을 판정하는 검사가 아니라 다음 환경을 조금 더 구체적으로 고르는 자료예요. 고용·승진·배치·성적 평가에 뉴앙 코드를 쓰지 않고, 동료의 코드를 동의 없이 조회하거나 공개하지 않아요. 일과 공부에서 어려움이 생겼을 때 코드로 사람을 분류하기보다 과업과 환경을 바꿀 수 있는 지점을 먼저 찾는 것이 제품의 원칙이에요.",제품 안전+검사 사용 원칙,ENAKQ Part 4 claim mapping,"관계 결정론, 임상·낙인·문화 규범, 개인정보와 사용자 안전을 검토",,,,,,,,,,
enakq-trait-map-expert-review.v0.1,ENAKQ-EXPERT-PACKET.v0.1,,relationship_safety,W1,15,ENAKQ.boundary.variability,boundary,five_code_positions,high,general,NUANG_MAPPED_PROVISIONAL,research_only,public_safe,domain_scores,trait-map.enakq.boundary.variability,ENAKQ-P3-ALL-01,다섯 코드 자리 깊이 보기,"ENAKQ를 읽을 때에는 다섯 글자를 좋은 특징의 목록으로 합치지 마세요. E는 사람 사이 에너지, N은 생각과 탐색, A는 관계에서 관심이 가는 곳, K는 일상을 이어가는 방식, Q는 걱정과 감정 반응에 답해요. 서로 다른 질문에 대한 현재의 가까운 방향이에요. 다섯 경향이 한 장면에서 함께 나타날 수는 있어요. 친구가 새로운 일을 제안했을 때 대화를 활발하게 이어가고(E), 여러 가능성을 떠올리고(N), 친구가 원하는 것이 무엇인지 살피고(A), 구체적인 약속을 이어가며(K), 잘되지 않을 가능성을 걱정할 수 있어요(Q). 그러나 이 장면은 이해를 돕는 예시이지 ENAKQ의 고정 행동이 아니에요. 실제 반응은 관계, 역할, 피로, 경험과 세부 점수에 따라 달라져요. 개인 결과에서는 세 단계를 지켜야 해요. 먼저 각 코드 자리의 실제 점수와 경계를 확인해요. 다음으로 대표 글자 아래의 세부 성향이 한 방향인지 갈리는지 살펴봐요. 마지막으로 별도 측정된 경우에만 처음 드는 생각과 실제 나타나는 반응을 연결해요. 이 순서를 지키면 짧고 기억하기 쉬운 5글자를 유지하면서도 한 사람을 지나치게 단순하게 만들지 않을 수 있어요. ENAKQ 성향지도는 당신이 어떤 사람인지 확정하는 설명이 아니라, 반복되는 모습을 더 정확히 관찰하도록 돕는 안내서예요. 잘 맞는 문장은 자신을 설명하는 언어로 사용하고, 낯선 문장은 다른 상황과 세부 성향을 확인하는 질문으로 사용하세요. 코드는 대화를 시작하게 하고, 실제 이해는 구체적인 경험과 서로의 확인에서 완성돼요.","STATE-2001, WTT, State Measurement; STATE-2001, WTT, TRAIT-ENACTMENT; 상태·상황 연구",scoring boundary; ENAKQ Part 2 claim mapping; ENAKQ Part 3 claim mapping; ENAKQ Part 4 claim mapping; ENAKQ Part 5 claim mapping,"관계 결정론, 임상·낙인·문화 규범, 개인정보와 사용자 안전을 검토",,,,,,,,,,
enakq-trait-map-expert-review.v0.1,ENAKQ-EXPERT-PACKET.v0.1,,relationship_safety,W1,16,ENAKQ.conversation.A,conversation_prompt,communication_guide,high,general,HOLD,research_only,comparison_safe,domain_scores,trait-map.enakq.conversation.a,ENAKQ-P14-03,자주 생기는 오해와 대화법,"A는 마음이 따뜻하고 공감을 잘하는 사람 또는 감정에 끌려가 해결을 못 하는 사람으로 오해받을 수 있어요. 실제 측정 범위는 관계 장면에서 상대 마음과 안녕에 주의가 먼저 갈 수 있다는 방향이에요. 마음을 정확히 이해하는 능력, 친절한 행동, 자기희생, 갈등 회피는 대표 A로 알 수 없어요. 처음에는 상대 마음이 신경 쓰여도 실제 나타나는 반응은 해결 질문일 수 있어요. 반대로 G에 가까운 사람도 원인과 해결을 이해한 뒤 세심하게 위로할 수 있어요. 과정 자료가 없는 상태에서 표정과 첫 문장만 보고 A→A, A→G, G→A, G→G를 붙이지 않아요. 고민 대화에서는 성향을 맞히기보다 현재 필요한 반응을 확인해요. 지금 마음을 더 이야기하고 싶은지, 원인을 함께 정리하고 싶은지, 실제로 도울 일이 있는지를 물을 수 있어요. 본인도 네 마음이 신경 쓰이지만 지금은 내가 길게 듣기 어려워처럼 관심과 가능한 범위를 동시에 말할 수 있어요.",과정 계약+제품 가설,ENAKQ Part 5 claim mapping,"관계 결정론, 임상·낙인·문화 규범, 개인정보와 사용자 안전을 검토",,,,,,,,,,
enakq-trait-map-expert-review.v0.1,ENAKQ-EXPERT-PACKET.v0.1,,relationship_safety,W1,17,ENAKQ.conversation.E,conversation_prompt,communication_guide,high,general,HOLD,research_only,comparison_safe,domain_scores,trait-map.enakq.conversation.e,ENAKQ-P14-01,자주 생기는 오해와 대화법,"E는 말이 많고 누구와도 잘 어울리는 사람으로 오해받을 수 있어요. 실제로는 사람과 함께할 때의 에너지와 필요한 말을 먼저 꺼내는 경향을 나누어 봐야 해요. 친하지 않은 모임, 권한 차이가 큰 자리, 피곤한 날에는 조용할 수 있고, 말수가 적어도 중요한 순간에 먼저 질문할 수 있어요. 주변 사람은 조용한 순간을 보고 오늘 왜 너답지 않아?라고 성격을 확인하기보다 현재 상태를 물을 수 있어요. 본인도 E라는 이유로 계속 분위기를 띄우거나 먼저 연락할 책임을 지지 않아요. 오늘은 듣는 편이 편해, 먼저 제안은 할 수 있지만 준비는 나누고 싶어처럼 현재 가능한 참여를 말할 수 있어요. 비교 리포트에서는 E와 I의 차이를 사교성 우열로 보여주지 않아요. 누가 먼저 시작할지, 생각할 시간을 얼마나 둘지, 말·글 중 어떤 방식이 편한지를 확인하는 질문으로 바꿔야 해요. 한 사람이 시작하고 다른 사람이 내용을 깊게 더하는 방식도 동등한 참여가 될 수 있어요.",제품 대화 가설,ENAKQ Part 5 claim mapping,"관계 결정론, 임상·낙인·문화 규범, 개인정보와 사용자 안전을 검토",,,,,,,,,,
enakq-trait-map-expert-review.v0.1,ENAKQ-EXPERT-PACKET.v0.1,,relationship_safety,W1,18,ENAKQ.conversation.K,conversation_prompt,communication_guide,high,general,HOLD,research_only,comparison_safe,domain_scores,trait-map.enakq.conversation.k,ENAKQ-P14-04,자주 생기는 오해와 대화법,"K는 성실하고 약속을 반드시 지키는 사람으로 칭찬받거나 계획을 바꾸지 못하는 사람으로 단정될 수 있어요. 뉴앙 K는 시작·지속·정리 흐름이 비교적 꾸준한 방향이지 도덕성, 책임감, 생산성, 완벽주의가 아니에요. 환경과 자원이 부족하면 멈출 수 있고, 새로운 정보가 충분하면 계획을 바꿀 수도 있어요. 계획이 어긋났을 때 K라면서 왜 못 했어?라고 결과를 코드에 묶지 않아요. 목표가 분명했는지, 필요한 시간과 권한이 있었는지, 중간에 조건이 바뀌었는지 살펴봐요. M에 가까운 사람에게도 게으르거나 믿기 어렵다는 표현을 쓰지 않고, 어떤 외부 구조와 시작 조건이 도움이 되는지 확인해요. 함께 일정을 정할 때에는 꼭 지킬 약속, 바꿀 수 있는 부분, 다시 확인할 시점을 나누어 말할 수 있어요. 계획을 유지하는 편안함과 상황에 맞게 바꾸는 편안함을 모두 남겨 두는 질문이에요. 어느 한 사람이 계속 관리하거나 맞추는 역할을 맡지 않는지도 함께 확인해요.",제품 대화 가설,ENAKQ Part 5 claim mapping,"관계 결정론, 임상·낙인·문화 규범, 개인정보와 사용자 안전을 검토",,,,,,,,,,
enakq-trait-map-expert-review.v0.1,ENAKQ-EXPERT-PACKET.v0.1,,relationship_safety,W1,19,ENAKQ.conversation.N,conversation_prompt,communication_guide,high,general,HOLD,research_only,comparison_safe,domain_scores,trait-map.enakq.conversation.n,ENAKQ-P14-02,자주 생기는 오해와 대화법,"N은 창의적이고 똑똑한 사람 또는 반대로 현실성이 부족한 사람으로 오해받을 수 있어요. 뉴앙 N은 보이는 내용 너머의 가능성·관점·원리를 더 탐색하는 방향이에요. 새 생각이 유용한지, 사실을 정확히 아는지, 결정을 잘하는지는 별도 정보예요. 확인된 조건부터 보는 R도 상상력이 없거나 새로운 것을 싫어한다는 뜻이 아니에요. 대화에서 한 사람은 선택지를 더 보고 싶고 다른 사람은 현재 확인된 조건을 정리하고 싶을 수 있어요. 너는 너무 복잡하게 생각해나 너는 생각이 닫혀 있어 대신 지금 단계가 탐색인지 결정인지 말할 수 있어요. 아이디어를 더 볼 시간을 10분 갖고, 그다음 비용과 일정으로 고르자처럼 두 방식의 순서를 정할 수도 있어요. 상대의 말에서 여러 배경을 떠올렸다면 사실처럼 전달하지 않아요. 나는 이런 가능성도 떠올랐는데 실제로는 어땠어?처럼 설명과 질문을 나누어요. 이는 N을 줄이는 방법이 아니라 가능성을 상대가 확인할 수 있는 대화로 바꾸는 방법이에요.",제품 대화 가설,ENAKQ Part 5 claim mapping,"관계 결정론, 임상·낙인·문화 규범, 개인정보와 사용자 안전을 검토",,,,,,,,,,
enakq-trait-map-expert-review.v0.1,ENAKQ-EXPERT-PACKET.v0.1,,relationship_safety,W1,20,ENAKQ.conversation.observation,conversation_prompt,communication_guide,high,general,COGNITIVE_REVIEW_REQUIRED,research_only,comparison_safe,domain_scores,trait-map.enakq.conversation.observation,ENAKQ-P14-07,자주 생기는 오해와 대화법,"본인이 아는 마음속 경험과 다른 사람이 본 행동은 서로 다른 정보를 담을 수 있어요. 성격의 자기·타인 지각 연구는 어떤 특성이 밖에서 더 잘 보이고 어떤 경험은 본인이 더 알 수 있는지에 따라 정보가 달라질 수 있다고 봐요. 어느 한쪽이 항상 더 정확하다는 뜻은 아니며, 상대가 본 행동으로 속마음을 대신 판단할 수도 없어요. 오해가 생기면 코드 설명을 증거로 내세우기보다 구체적인 장면을 말해요. 나는 A라서 너를 배려한 거야보다 약속을 미루면 편할 거라고 생각해서 묻지 않고 바꿨어라고 행동과 추측을 나누어요. 상대는 그 행동이 자신에게 어떤 영향을 줬는지 말할 수 있어요. 의도와 영향이 다를 수 있다는 사실을 코드로 승패를 가리지 않아요. 비교 리포트의 대화 질문도 상대를 분석하는 퀴즈가 아니에요. 너는 이 유형이니 이렇게 해가 아니라 이 상황에서 무엇이 편했는지, 다음에는 어떤 행동을 원했는지를 서로 답하는 구조여야 해요. 코드는 대화를 시작하는 배경이고, 실제 합의는 두 사람이 공개한 경험과 선택으로 만들어요.",자기·타인 정보 분리+제품 가설,ENAKQ Part 5 claim mapping,"관계 결정론, 임상·낙인·문화 규범, 개인정보와 사용자 안전을 검토",,,,,,,,,,
enakq-trait-map-expert-review.v0.1,ENAKQ-EXPERT-PACKET.v0.1,,relationship_safety,W1,21,ENAKQ.conversation.Q,conversation_prompt,communication_guide,high,general,HOLD,research_only,comparison_safe,domain_scores,trait-map.enakq.conversation.q,ENAKQ-P14-05,자주 생기는 오해와 대화법,"Q는 예민하고 감정적인 사람으로, C는 차분하고 멘탈이 강한 사람으로 오해받기 쉬워요. 실제로는 불편한 상황에서 감정 동요와 걱정·주저가 활성화되는 상대적 경향이에요. Q만으로 말투와 표정, 감정 조절, 위험 판단, 회복 속도, 정신건강을 알 수 없고 C도 무심함이나 높은 회복력을 뜻하지 않아요. 걱정이 커진 사람에게 별일 아니야라고 마음의 크기를 정해 주거나 Q라서 그래라고 원인을 성향으로 돌리지 않아요. 무엇이 확인되지 않아 걱정되는지, 지금 더 필요한 정보가 있는지, 이야기·실제 도움·혼자 정리할 시간 중 무엇이 편한지를 물을 수 있어요. 답을 모를 수도 있고 지금 말하지 않을 수도 있어요. 본인도 Q를 행동의 면허로 사용하지 않아요. 감정이 빨리 커진 사실과 상대를 비난하거나 통제한 행동은 구분해야 해요. 반대로 감정이 올라온 것 자체를 잘못으로 취급하지 않아요. 실제 영향이 있었다면 구체적인 행동을 다루고, 다음에 필요한 경계와 지원을 함께 정해요.",제품 대화+안전 가설,ENAKQ Part 5 claim mapping,"관계 결정론, 임상·낙인·문화 규범, 개인정보와 사용자 안전을 검토",,,,,,,,,,
enakq-trait-map-expert-review.v0.1,ENAKQ-EXPERT-PACKET.v0.1,,relationship_safety,W1,22,ENAKQ.crush.ambiguity,observable_response,person_of_interest,high,person_of_interest,HOLD,research_only,comparison_safe,domain_scores;relationship_context,trait-map.enakq.crush.ambiguity,ENAKQ-P10-03,마음 가는 사람을 알아갈 때,"상대의 반응이 분명하지 않을 때 N은 한 장면의 앞뒤와 여러 이유를 떠올리는 쪽으로 나타날 수 있어요. 짧은 답장이 바쁜 하루 때문인지, 대화를 끝내고 싶은 것인지, 어떤 답을 할지 고민하는 것인지 여러 가능성을 생각할 수 있어요. 가능성을 넓히는 것 자체는 상대의 마음을 정확히 읽는 능력도, 근거 없이 상상하는 문제도 아니에요. A로 상대 마음이 신경 쓰이고 Q로 좋지 않은 가능성에 걱정이 빨리 커지면, 여러 설명 중 관계가 멀어지는 이야기에 오래 머물 수 있다는 가설을 세울 수 있어요. 하지만 N·A·Q 조합의 증분 효과는 아직 뉴앙 자료로 검증되지 않았어요. 상대 행동을 많이 생각했다는 사실만으로 과잉 해석, 집착, 질투, 애착 불안이라고 이름 붙이지 않아요. 생각이 커질 때에는 세 줄로 나누어 볼 수 있어요. 직접 본 사실은 무엇인지, 그 사실에서 내가 떠올린 설명은 무엇인지, 상대에게 아직 묻지 않은 부분은 무엇인지 적어 보는 방식이에요. 예를 들어 어제 보낸 메시지에 아직 답이 없다는 사실이고, 마음이 멀어졌다는 가능한 설명 중 하나예요. 이 구분은 걱정을 무시하지 않으면서 확인할 질문을 분명하게 해요.",N/Q 단일 정의,ENAKQ Part 4 claim mapping,"관계 결정론, 임상·낙인·문화 규범, 개인정보와 사용자 안전을 검토",,,,,,,,,,
enakq-trait-map-expert-review.v0.1,ENAKQ-EXPERT-PACKET.v0.1,,relationship_safety,W1,23,ENAKQ.crush.attention,inner_thought,person_of_interest,high,person_of_interest,HOLD,research_only,comparison_safe,domain_scores;relationship_context,trait-map.enakq.crush.attention,ENAKQ-P10-04,마음 가는 사람을 알아갈 때,"A가 선명하면 내가 어떻게 보이는지뿐 아니라 상대가 이 연락을 편하게 느낄지, 지금 이야기할 여유가 있는지 신경 쓰일 수 있어요. 말을 보내기 전에 표현을 여러 번 고치거나 상대 반응을 살피며 대화 속도를 맞출 수도 있어요. 이는 관계에서 주의가 상대 마음으로 향할 수 있다는 설명이지, 상대 마음을 정확히 알아맞히거나 늘 배려 있게 행동한다는 평가가 아니에요. 상대를 신경 쓰는 것과 상대가 원하는 것을 대신 결정하는 것은 달라요. 바쁠 것 같으니 연락하지 말아야겠다고 혼자 정했지만 상대는 짧은 안부를 반겼을 수 있어요. 반대로 좋은 의도로 계속 상태를 물어도 상대는 답해야 한다는 부담을 느낄 수 있어요. 마음을 추측해 행동을 정하기보다 선택할 수 있는 질문을 건네는 편이 더 많은 정보를 줘요. 오늘 잠깐 이야기해도 괜찮아?, 이번 주와 다음 주 중 언제가 편해?, 답은 여유 있을 때 해도 괜찮아처럼 상대가 편한 범위를 말할 수 있게 물어볼 수 있어요. 이런 질문을 썼다고 호감이 생기거나 관계가 좋아진다고 보장하지 않아요. 상대가 거절하거나 답하지 않을 선택도 함께 존중해야 질문이 실제 선택권이 돼요.",A 정의,ENAKQ Part 4 claim mapping,"관계 결정론, 임상·낙인·문화 규범, 개인정보와 사용자 안전을 검토",,,,,,,,,,
enakq-trait-map-expert-review.v0.1,ENAKQ-EXPERT-PACKET.v0.1,,relationship_safety,W1,24,ENAKQ.crush.contact,observable_response,person_of_interest,high,person_of_interest,HOLD,research_only,comparison_safe,domain_scores;relationship_context,trait-map.enakq.crush.contact,ENAKQ-P10-05,마음 가는 사람을 알아갈 때,"연락의 편한 속도는 코드로 정하지 않아요. 하루에 몇 번 연락해야 관심이 있는지, 얼마 만에 답해야 예의인지 모든 관계에 적용할 기준은 없어요. 일과 수면 시간, 알림 습관, 글과 통화 중 편한 방식, 아직 관계가 가까워진 정도가 모두 달라요. 자주 연락하는 것과 서로 편한 연락을 하는 것도 같은 뜻이 아니에요. 연락을 시작하는 사람이 늘 한쪽이라면 횟수만으로 마음의 크기를 비교하기보다 패턴을 직접 확인할 수 있어요. 상대는 먼저 연락하는 것을 어려워하지만 대화에는 기쁘게 참여할 수 있고, 반대로 답은 친절해도 새로운 만남을 원하지 않을 수 있어요. 한 가지 신호를 전체 관계의 뜻으로 바꾸지 않고, 여러 번의 실제 행동과 상대가 말한 의사를 함께 봐야 해요. 확인이 필요할 때에는 시험하거나 떠보는 행동보다 자신의 바람을 짧게 말할 수 있어요. 나는 다음에 또 만나고 싶은데 너는 어때?, 연락을 이어가도 편한지 궁금해처럼 묻는 방식이에요. 답을 재촉하거나 애매한 답을 동의로 바꾸지 않아요. 상대의 말과 경계를 존중하는 일은 성향의 문제가 아니라 모든 관계에 필요한 안전 기준이에요.",관계 불확실성 연구 간접,ENAKQ Part 4 claim mapping,"관계 결정론, 임상·낙인·문화 규범, 개인정보와 사용자 안전을 검토",,,,,,,,,,
enakq-trait-map-expert-review.v0.1,ENAKQ-EXPERT-PACKET.v0.1,,relationship_safety,W1,25,ENAKQ.crush.context,context_hypothesis,person_of_interest,high,person_of_interest,COGNITIVE_REVIEW_REQUIRED,research_only,comparison_safe,domain_scores;relationship_context,trait-map.enakq.crush.context,ENAKQ-P10-01,마음 가는 사람을 알아갈 때,"마음이 가는 사람을 알아가는 시기에는 아직 확인되지 않은 부분이 많아요. 상대도 나에게 관심이 있는지, 연락을 어느 정도 편하게 느끼는지, 다음 만남을 원하는지 분명하지 않을 수 있어요. 같은 답장과 표정도 기대하는 마음, 최근 경험, 관계의 단계에 따라 다르게 받아들이기 쉬워요. 이때 생기는 불확실함은 ENAKQ만의 특징이 아니에요. ENAKQ의 다섯 자리는 이런 시기에 무엇이 조금 더 눈에 들어올 수 있는지 살펴보는 단서예요. 사람과 연결되고 싶은 E, 여러 가능성을 펼치는 N, 상대 마음에 주의가 가는 A, 시작한 관계를 이어가려는 K, 좋지 않은 가능성에 걱정이 빨리 커질 수 있는 Q가 각각 나타날 수 있어요. 다섯 방향이 언제나 함께 움직이거나 호감이 생기면 더 강해진다고 단정하지 않아요. 관계를 아직 정하지 않은 단계에서는 애착 유형, 연애 방식, 관계에 대한 확신을 코드로 붙이지 않아요. 먼저 연락하지 못했다고 내향적이거나 관심이 적은 것도 아니고, 답을 기다리며 걱정했다고 관계 불안을 가진 것도 아니에요. 호감의 크기, 거절 경험, 상대와의 권력 차이, 안전, 주변에 관계가 알려질 가능성처럼 코드 밖의 조건을 먼저 봐야 해요.",RELATIONAL-UNCERTAINTY+상황 연구,ENAKQ Part 4 claim mapping,"관계 결정론, 임상·낙인·문화 규범, 개인정보와 사용자 안전을 검토",,,,,,,,,,
enakq-trait-map-expert-review.v0.1,ENAKQ-EXPERT-PACKET.v0.1,,relationship_safety,W1,26,ENAKQ.crush.expression,observable_response,person_of_interest,high,person_of_interest,HOLD,research_only,comparison_safe,domain_scores;relationship_context,trait-map.enakq.crush.expression,ENAKQ-P10-02,마음 가는 사람을 알아갈 때,"E가 편하게 나타나는 사람은 대화를 먼저 시작하거나 다음 만남을 제안할 수 있어요. 공통 관심사를 발견하면 질문을 이어가고, 함께하고 싶은 일을 말로 꺼낼 수도 있어요. 평소 표현을 먼저 시작하는 경향이 관계를 알아가는 장면에서도 나타날 수 있다는 뜻이지, 누구에게나 거리낌 없이 다가가거나 호감을 능숙하게 표현한다는 뜻은 아니에요. 마음이 클수록 오히려 말을 고르느라 평소보다 조용해질 수도 있어요. 상대에게 부담을 주고 싶지 않거나 거절 뒤의 어색함이 걱정되면 표현을 미룰 수 있어요. 반대로 평소에는 천천히 친해지는 사람도 상대의 반응이 분명하고 안전하다고 느끼면 먼저 연락할 수 있어요. 한 번의 적극적이거나 조용한 행동으로 E의 진위나 마음의 크기를 판단하지 않아요. 개인 리포트가 있다면 사람과 함께할 때의 에너지와 먼저 표현하기를 나누어 봐야 해요. 함께 있을 때 즐거워도 연락 시작은 조심스러울 수 있고, 먼저 말을 잘 꺼내도 만남 뒤 혼자 쉬는 시간이 필요할 수 있어요. 대표 E만 보이는 공개 비교에서는 두 세부 성향이 모두 강하다고 쓰지 않아요.",E 정의+상황 변산,ENAKQ Part 4 claim mapping,"관계 결정론, 임상·낙인·문화 규범, 개인정보와 사용자 안전을 검토",,,,,,,,,,
enakq-trait-map-expert-review.v0.1,ENAKQ-EXPERT-PACKET.v0.1,,relationship_safety,W1,27,ENAKQ.crush.fact_check,growth_practice,person_of_interest,high,person_of_interest,COGNITIVE_REVIEW_REQUIRED,research_only,comparison_safe,domain_scores;relationship_context,trait-map.enakq.crush.fact_check,ENAKQ-P10-03,마음 가는 사람을 알아갈 때,"상대의 반응이 분명하지 않을 때 N은 한 장면의 앞뒤와 여러 이유를 떠올리는 쪽으로 나타날 수 있어요. 짧은 답장이 바쁜 하루 때문인지, 대화를 끝내고 싶은 것인지, 어떤 답을 할지 고민하는 것인지 여러 가능성을 생각할 수 있어요. 가능성을 넓히는 것 자체는 상대의 마음을 정확히 읽는 능력도, 근거 없이 상상하는 문제도 아니에요. A로 상대 마음이 신경 쓰이고 Q로 좋지 않은 가능성에 걱정이 빨리 커지면, 여러 설명 중 관계가 멀어지는 이야기에 오래 머물 수 있다는 가설을 세울 수 있어요. 하지만 N·A·Q 조합의 증분 효과는 아직 뉴앙 자료로 검증되지 않았어요. 상대 행동을 많이 생각했다는 사실만으로 과잉 해석, 집착, 질투, 애착 불안이라고 이름 붙이지 않아요. 생각이 커질 때에는 세 줄로 나누어 볼 수 있어요. 직접 본 사실은 무엇인지, 그 사실에서 내가 떠올린 설명은 무엇인지, 상대에게 아직 묻지 않은 부분은 무엇인지 적어 보는 방식이에요. 예를 들어 어제 보낸 메시지에 아직 답이 없다는 사실이고, 마음이 멀어졌다는 가능한 설명 중 하나예요. 이 구분은 걱정을 무시하지 않으면서 확인할 질문을 분명하게 해요.",제품 자기관찰 가설,ENAKQ Part 4 claim mapping,"관계 결정론, 임상·낙인·문화 규범, 개인정보와 사용자 안전을 검토",,,,,,,,,,
enakq-trait-map-expert-review.v0.1,ENAKQ-EXPERT-PACKET.v0.1,,relationship_safety,W1,28,ENAKQ.crush.prompt,conversation_prompt,person_of_interest,high,person_of_interest,COGNITIVE_REVIEW_REQUIRED,research_only,comparison_safe,domain_scores;relationship_context,trait-map.enakq.crush.prompt,ENAKQ-P10-05,마음 가는 사람을 알아갈 때,"연락의 편한 속도는 코드로 정하지 않아요. 하루에 몇 번 연락해야 관심이 있는지, 얼마 만에 답해야 예의인지 모든 관계에 적용할 기준은 없어요. 일과 수면 시간, 알림 습관, 글과 통화 중 편한 방식, 아직 관계가 가까워진 정도가 모두 달라요. 자주 연락하는 것과 서로 편한 연락을 하는 것도 같은 뜻이 아니에요. 연락을 시작하는 사람이 늘 한쪽이라면 횟수만으로 마음의 크기를 비교하기보다 패턴을 직접 확인할 수 있어요. 상대는 먼저 연락하는 것을 어려워하지만 대화에는 기쁘게 참여할 수 있고, 반대로 답은 친절해도 새로운 만남을 원하지 않을 수 있어요. 한 가지 신호를 전체 관계의 뜻으로 바꾸지 않고, 여러 번의 실제 행동과 상대가 말한 의사를 함께 봐야 해요. 확인이 필요할 때에는 시험하거나 떠보는 행동보다 자신의 바람을 짧게 말할 수 있어요. 나는 다음에 또 만나고 싶은데 너는 어때?, 연락을 이어가도 편한지 궁금해처럼 묻는 방식이에요. 답을 재촉하거나 애매한 답을 동의로 바꾸지 않아요. 상대의 말과 경계를 존중하는 일은 성향의 문제가 아니라 모든 관계에 필요한 안전 기준이에요.",제품 대화 가설,ENAKQ Part 4 claim mapping,"관계 결정론, 임상·낙인·문화 규범, 개인정보와 사용자 안전을 검토",,,,,,,,,,
enakq-trait-map-expert-review.v0.1,ENAKQ-EXPERT-PACKET.v0.1,,relationship_safety,W1,29,ENAKQ.crush.reciprocity,observable_response,person_of_interest,high,person_of_interest,HOLD,research_only,comparison_safe,domain_scores;relationship_context,trait-map.enakq.crush.reciprocity,ENAKQ-P10-05,마음 가는 사람을 알아갈 때,"연락의 편한 속도는 코드로 정하지 않아요. 하루에 몇 번 연락해야 관심이 있는지, 얼마 만에 답해야 예의인지 모든 관계에 적용할 기준은 없어요. 일과 수면 시간, 알림 습관, 글과 통화 중 편한 방식, 아직 관계가 가까워진 정도가 모두 달라요. 자주 연락하는 것과 서로 편한 연락을 하는 것도 같은 뜻이 아니에요. 연락을 시작하는 사람이 늘 한쪽이라면 횟수만으로 마음의 크기를 비교하기보다 패턴을 직접 확인할 수 있어요. 상대는 먼저 연락하는 것을 어려워하지만 대화에는 기쁘게 참여할 수 있고, 반대로 답은 친절해도 새로운 만남을 원하지 않을 수 있어요. 한 가지 신호를 전체 관계의 뜻으로 바꾸지 않고, 여러 번의 실제 행동과 상대가 말한 의사를 함께 봐야 해요. 확인이 필요할 때에는 시험하거나 떠보는 행동보다 자신의 바람을 짧게 말할 수 있어요. 나는 다음에 또 만나고 싶은데 너는 어때?, 연락을 이어가도 편한지 궁금해처럼 묻는 방식이에요. 답을 재촉하거나 애매한 답을 동의로 바꾸지 않아요. 상대의 말과 경계를 존중하는 일은 성향의 문제가 아니라 모든 관계에 필요한 안전 기준이에요.",dyadic 방법론+제품 가설,ENAKQ Part 4 claim mapping,"관계 결정론, 임상·낙인·문화 규범, 개인정보와 사용자 안전을 검토",,,,,,,,,,
enakq-trait-map-expert-review.v0.1,ENAKQ-EXPERT-PACKET.v0.1,,relationship_safety,W1,30,ENAKQ.crush.self_check,growth_practice,person_of_interest,high,person_of_interest,COGNITIVE_REVIEW_REQUIRED,research_only,comparison_safe,domain_scores;relationship_context,trait-map.enakq.crush.self_check,ENAKQ-P10-07,마음 가는 사람을 알아갈 때,"상대를 알고 싶은 마음이 커도 공개하지 않은 검사 결과와 개인 정보까지 알 권리가 생기지는 않아요. 상대가 공유한 대표 코드와 공개에 동의한 세부 성향만 볼 수 있어야 해요. 게시물, 접속 시간, 팔로우 관계를 모아 상대의 속마음이나 호감 여부를 추정하는 기능도 제공하지 않아요. 마음 가는 사람을 알아갈 때에는 네 가지를 돌아볼 수 있어요. 내가 직접 본 행동과 추측을 나누었는지, 연락과 만남에 상대가 선택할 여지가 있는지, 나도 원하는 속도와 경계를 말했는지, 답이 없거나 거절됐을 때 그 선택을 존중할 수 있는지 살펴봐요. 이는 좋은 답을 내야 사랑받는다는 시험이 아니라 자신의 다음 행동을 안전하게 고르는 질문이에요. 불확실함 때문에 잠을 거의 못 자거나 일상이 오래 무너지거나, 확인 행동을 멈추기 어렵거나, 상대가 위협과 통제를 하는 상황은 성향 가이드로 해결하지 않아요. 앱은 ENAKQ 설명 대신 믿을 수 있는 사람과 전문 지원, 필요한 안전 자원으로 연결해야 해요. 호감 관계를 이어갈지 멈출지는 코드가 아니라 본인의 선택과 실제 관계 경험으로 결정해요.",제품 자기관찰 가설,ENAKQ Part 4 claim mapping,"관계 결정론, 임상·낙인·문화 규범, 개인정보와 사용자 안전을 검토",,,,,,,,,,
enakq-trait-map-expert-review.v0.1,ENAKQ-EXPERT-PACKET.v0.1,,relationship_safety,W1,31,ENAKQ.crush.uncertainty,inner_thought,person_of_interest,high,person_of_interest,HOLD,research_only,comparison_safe,domain_scores;relationship_context,trait-map.enakq.crush.uncertainty,ENAKQ-P10-01,마음 가는 사람을 알아갈 때,"마음이 가는 사람을 알아가는 시기에는 아직 확인되지 않은 부분이 많아요. 상대도 나에게 관심이 있는지, 연락을 어느 정도 편하게 느끼는지, 다음 만남을 원하는지 분명하지 않을 수 있어요. 같은 답장과 표정도 기대하는 마음, 최근 경험, 관계의 단계에 따라 다르게 받아들이기 쉬워요. 이때 생기는 불확실함은 ENAKQ만의 특징이 아니에요. ENAKQ의 다섯 자리는 이런 시기에 무엇이 조금 더 눈에 들어올 수 있는지 살펴보는 단서예요. 사람과 연결되고 싶은 E, 여러 가능성을 펼치는 N, 상대 마음에 주의가 가는 A, 시작한 관계를 이어가려는 K, 좋지 않은 가능성에 걱정이 빨리 커질 수 있는 Q가 각각 나타날 수 있어요. 다섯 방향이 언제나 함께 움직이거나 호감이 생기면 더 강해진다고 단정하지 않아요. 관계를 아직 정하지 않은 단계에서는 애착 유형, 연애 방식, 관계에 대한 확신을 코드로 붙이지 않아요. 먼저 연락하지 못했다고 내향적이거나 관심이 적은 것도 아니고, 답을 기다리며 걱정했다고 관계 불안을 가진 것도 아니에요. 호감의 크기, 거절 경험, 상대와의 권력 차이, 안전, 주변에 관계가 알려질 가능성처럼 코드 밖의 조건을 먼저 봐야 해요.",RELATIONAL-UNCERTAINTY 간접,ENAKQ Part 4 claim mapping,"관계 결정론, 임상·낙인·문화 규범, 개인정보와 사용자 안전을 검토",,,,,,,,,,
enakq-trait-map-expert-review.v0.1,ENAKQ-EXPERT-PACKET.v0.1,,relationship_safety,W1,32,ENAKQ.daily.rest,support_preference,daily_life,high,general,HOLD,research_only,comparison_safe,domain_scores;recovery_preference,trait-map.enakq.daily.rest,ENAKQ-P6-06,일상의 선택과 회복,"회복 방식은 E와 Q만으로 정할 수 없어요. 사람들과 이야기하며 마음이 정리되는 날도 있고, 좋아하는 사람과 함께 있었어도 혼자 쉬어야 하는 날도 있어요. 새로운 콘텐츠를 보며 관심을 돌리는 것이 편할 수도 있고, 익숙한 활동과 정리된 일정으로 돌아가는 것이 편할 수도 있어요. 같은 사람에게도 부담의 원인과 크기에 따라 필요한 회복이 달라져요. E가 사람 사이에서 에너지가 움직이는 방향이라고 해서 모든 휴식을 약속과 대화로 채울 필요는 없어요. Q가 걱정이 빠르게 커지는 방향이라고 해서 조용히 쉬는 것이 언제나 정답도 아니에요. 회복은 코드의 좋은 사용법을 따르는 일이 아니라, 지금의 몸과 마음에 필요한 자극과 여백을 확인하는 일이에요. 뉴앙이 개인 회복 안내를 제공하려면 사용자가 실제로 도움이 되었다고 보고한 방법, 부담이 생긴 상황, 회복까지 걸린 시간과 선호를 별도로 모아야 해요. 그 자료가 없으면 사람을 만나면 회복해요, 계획을 세우면 안정돼요처럼 공통 처방을 제공하지 않아요. 대신 지금은 이야기하기, 혼자 정리하기, 사실 확인하기, 작은 다음 단계 정하기 중 무엇이 편한가요?처럼 선택지를 확인할 수 있어요.",직접 공통 근거 없음,ENAKQ Part 2 claim mapping,"관계 결정론, 임상·낙인·문화 규범, 개인정보와 사용자 안전을 검토",,,,,,,,,,
enakq-trait-map-expert-review.v0.1,ENAKQ-EXPERT-PACKET.v0.1,,relationship_safety,W1,33,ENAKQ.daily.self_check,growth_practice,daily_life,high,general,COGNITIVE_REVIEW_REQUIRED,research_only,comparison_safe,domain_scores,trait-map.enakq.daily.self_check,ENAKQ-P6-07,일상의 선택과 회복,"일상에서 ENAKQ를 확인할 때에는 하루의 인상보다 반복되는 장면을 살펴보세요. 사람들과 함께한 뒤 에너지가 어떻게 달라졌는지, 새로운 가능성을 찾는 과정이 즐거웠는지 부담이었는지, 상대 마음에 대한 관심이 실제 확인으로 이어졌는지 추측에 머물렀는지, 계획을 이어가는 데 어떤 조건이 필요했는지, 걱정이 올라온 뒤 어떤 반응과 지원이 편했는지를 나누어 볼 수 있어요. 한 주 동안 모든 글자가 선명하게 보이지 않아도 괜찮아요. 사람을 만날 일이 적었다면 E를 확인할 장면이 적었을 수 있고, 익숙한 일만 반복했다면 N의 탐색이 드러날 기회가 적었을 수 있어요. 상황이 해당 성향을 꺼낼 기회를 주지 않았는데 행동이 없었다고 해서 글자가 틀렸다고 판단하지 않아요. 반대로 어떤 행동이 자주 보였다고 성향 때문이라고 바로 결론 내리지 않아요. 역할상 먼저 말해야 했는지, 마감 때문에 계획을 지켰는지, 관계의 불확실성 때문에 걱정이 커졌는지 함께 살펴봐야 해요. 성향과 상황을 나누어 보는 습관은 코드를 약하게 만드는 것이 아니라, 자신의 반복되는 모습을 더 정확히 이해하게 도와줘요. ENAKQ는 일상을 평가하는 점수표가 아니에요. 사람을 많이 만난 날, 새로운 생각을 낸 날, 계획을 지킨 날을 좋은 날로 표시하지 않아요. 조용히 쉬고, 확인된 방법을 고르고, 상대보다 해야 할 문제에 집중하고, 바뀐 상황에 맞춰 계획을 내려놓고, 걱정이 크지 않게 반응한 날도 모두 자연스러운 모습이에요. 다섯 글자는 양쪽 선택 중 현재 더 가까운 방향을 기억하게 하고, 실제 삶에서는 상황에 맞게 양쪽을 사용할 수 있도록 돕는 언어예요.",상태 연구+제품 자기관찰 가설,ENAKQ Part 2 claim mapping,"관계 결정론, 임상·낙인·문화 규범, 개인정보와 사용자 안전을 검토",,,,,,,,,,
enakq-trait-map-expert-review.v0.1,ENAKQ-EXPERT-PACKET.v0.1,,relationship_safety,W1,34,ENAKQ.family.care,observable_response,family,high,family,HOLD,research_only,comparison_safe,domain_scores;relationship_context,trait-map.enakq.family.care,ENAKQ-P7-02,가족과 함께 있을 때,"E와 A가 편하게 나타나는 가족 관계에서는 먼저 안부를 묻거나, 가족이 평소와 달라 보일 때 괜찮은지 신경 쓰거나, 함께 이야기할 자리를 만들 수 있어요. 가족 단체 대화에서 필요한 소식을 먼저 공유하거나, 말이 적어진 가족에게 따로 연락해 볼 수도 있어요. 다만 이런 행동은 ENAKQ의 필수 행동이 아니라 관계가 충분히 편안하고 표현할 여지가 있을 때 나타날 수 있는 후보예요. 가족의 상태가 신경 쓰이는 것과 실제로 연락하는 것은 달라요. 걱정하면서도 말을 꺼내면 부담을 줄까 봐 기다릴 수 있고, 바쁜 상황에서는 필요한 일부터 처리할 수 있어요. 개인 과정 자료가 있다면 처음에는 마음이 신경 쓰였는지, 실제로는 상태를 확인했는지 문제를 정리했는지 나눠 설명할 수 있어요. 자료가 없다면 A라서 가족을 먼저 챙긴다고 단정하지 않아요. 연락 횟수도 관심의 크기로 바꾸지 않아요. 자주 연락해도 습관이나 생활상 필요한 확인일 수 있고, 연락이 적어도 서로 편한 방식으로 관계를 이어갈 수 있어요. 가족 리포트에서는 적정 연락 횟수를 제시하는 대신 서로 편한 연락 간격, 급하지 않은 일과 바로 알려야 할 일, 답이 늦어도 괜찮은 시간을 가족끼리 확인할 질문으로 제공하는 편이 좋아요.",A 단일 정의+반응성 연구 간접,ENAKQ Part 3 claim mapping,"관계 결정론, 임상·낙인·문화 규범, 개인정보와 사용자 안전을 검토",,,,,,,,,,
enakq-trait-map-expert-review.v0.1,ENAKQ-EXPERT-PACKET.v0.1,,relationship_safety,W1,35,ENAKQ.family.conflict,observable_response,family,high,family,HOLD,research_only,comparison_safe,domain_scores;relationship_context,trait-map.enakq.family.conflict,ENAKQ-P7-05,가족과 함께 있을 때,"가족과 의견이 부딪히면 A 때문에 상대 마음이 먼저 신경 쓰일 수도 있고, 오래 반복된 문제에서는 원인과 해결할 부분이 먼저 보일 수도 있어요. 실제 대화에서는 분위기를 누그러뜨린 뒤 문제를 말할 수도 있고, 필요한 결정을 먼저 정한 뒤 마음을 나눌 수도 있어요. 대표 ENAKQ만으로 갈등 순서를 정하지 않고, G/A 과정 자료가 있을 때에만 반복된 흐름을 설명해요. 상대 마음을 살핀다는 이유로 갈등을 피하거나 양보한다고 추정하지 않아요. 자신의 필요를 말하지 않는 것, 상대 선택을 존중하는 것, 갈등을 미루는 것은 서로 다른 행동이에요. 가족의 요구가 부담스럽거나 안전하지 않다면 관계를 유지하기 위해 계속 대화해야 한다고 안내해서도 안 돼요. 필요한 거리와 외부 도움을 선택할 권리가 성향 설명보다 앞서요. 갈등 뒤의 회복도 정해진 모양이 없어요. 바로 이야기해야 편한 가족이 있고, 각자 시간을 가진 뒤 말해야 정리되는 가족이 있어요. ENAKQ에게는 무엇이 문제였는지, 누가 어떤 마음이었는지, 다음에는 무엇을 다르게 할지가 모두 중요하게 느껴질 수 있지만 어느 순서가 편한지는 직접 확인해야 해요.",과정 계약+제품 안전,ENAKQ Part 3 claim mapping,"관계 결정론, 임상·낙인·문화 규범, 개인정보와 사용자 안전을 검토",,,,,,,,,,
enakq-trait-map-expert-review.v0.1,ENAKQ-EXPERT-PACKET.v0.1,,relationship_safety,W1,36,ENAKQ.family.contact,observable_response,family,high,family,HOLD,research_only,comparison_safe,domain_scores;relationship_context,trait-map.enakq.family.contact,ENAKQ-P7-02,가족과 함께 있을 때,"E와 A가 편하게 나타나는 가족 관계에서는 먼저 안부를 묻거나, 가족이 평소와 달라 보일 때 괜찮은지 신경 쓰거나, 함께 이야기할 자리를 만들 수 있어요. 가족 단체 대화에서 필요한 소식을 먼저 공유하거나, 말이 적어진 가족에게 따로 연락해 볼 수도 있어요. 다만 이런 행동은 ENAKQ의 필수 행동이 아니라 관계가 충분히 편안하고 표현할 여지가 있을 때 나타날 수 있는 후보예요. 가족의 상태가 신경 쓰이는 것과 실제로 연락하는 것은 달라요. 걱정하면서도 말을 꺼내면 부담을 줄까 봐 기다릴 수 있고, 바쁜 상황에서는 필요한 일부터 처리할 수 있어요. 개인 과정 자료가 있다면 처음에는 마음이 신경 쓰였는지, 실제로는 상태를 확인했는지 문제를 정리했는지 나눠 설명할 수 있어요. 자료가 없다면 A라서 가족을 먼저 챙긴다고 단정하지 않아요. 연락 횟수도 관심의 크기로 바꾸지 않아요. 자주 연락해도 습관이나 생활상 필요한 확인일 수 있고, 연락이 적어도 서로 편한 방식으로 관계를 이어갈 수 있어요. 가족 리포트에서는 적정 연락 횟수를 제시하는 대신 서로 편한 연락 간격, 급하지 않은 일과 바로 알려야 할 일, 답이 늦어도 괜찮은 시간을 가족끼리 확인할 질문으로 제공하는 편이 좋아요.",E 단일 정의+가족 가설,ENAKQ Part 3 claim mapping,"관계 결정론, 임상·낙인·문화 규범, 개인정보와 사용자 안전을 검토",,,,,,,,,,
enakq-trait-map-expert-review.v0.1,ENAKQ-EXPERT-PACKET.v0.1,,relationship_safety,W1,37,ENAKQ.family.context,context_hypothesis,family,high,family,COGNITIVE_REVIEW_REQUIRED,research_only,comparison_safe,domain_scores;relationship_context,trait-map.enakq.family.context,ENAKQ-P7-01,가족과 함께 있을 때,"가족 안에서 보이는 모습은 다른 관계의 모습과 크게 다를 수 있어요. 오랫동안 정해진 역할이 있고, 함께 해결해야 할 일과 서로 기대하는 책임이 있으며, 말을 많이 하지 않아도 안다고 생각하는 부분이 있기 때문이에요. 평소 사람들과 있을 때 활력이 오르는 ENAKQ도 가족 앞에서는 조용할 수 있고, 밖에서는 계획을 먼저 정리하지만 집에서는 다른 가족이 맡아 온 흐름을 따를 수 있어요. 그래서 가족 설명은 ENAKQ라면 가족에게 이렇게 한다가 아니라 이런 상황에서 어느 경향이 나타날 수 있고, 가족 안의 역할 때문에 어떻게 달라질 수 있는가를 함께 봐야 해요. 맏이, 돌봄을 맡은 사람, 경제 활동을 담당한 사람처럼 주어진 역할이 E·A·K와 비슷한 행동을 만들 수도 있어요. 그 행동이 성향인지 역할의 요구인지 알아보려면 다른 가족이나 다른 생활 상황에서도 반복되는지 살펴봐야 해요. 가족의 범위도 한 가지로 정하지 않아요. 함께 사는 부모·형제, 따로 사는 가족, 배우자와 자녀, 선택한 가족처럼 사용자가 가족이라고 여기는 관계를 기준으로 해요. 특정한 동거 방식, 결혼, 성 역할, 돌봄 의무를 정상적인 가족의 기준으로 두지 않아요.",상황 연구+가족 역할 가설,ENAKQ Part 3 claim mapping,"관계 결정론, 임상·낙인·문화 규범, 개인정보와 사용자 안전을 검토",,,,,,,,,,
enakq-trait-map-expert-review.v0.1,ENAKQ-EXPERT-PACKET.v0.1,,relationship_safety,W1,38,ENAKQ.family.friction,friction,family,high,family,HOLD,research_only,comparison_safe,domain_scores;relationship_context,trait-map.enakq.family.friction,ENAKQ-P7-04,가족과 함께 있을 때,"A와 Q가 함께 나타나는 가족 상황에서는 가족의 표정이나 짧은 말이 신경 쓰이고, 좋지 않은 일이 있는지 걱정이 빠르게 커질 수 있어요. 평소보다 늦게 들어오거나 답이 없을 때 여러 가능성을 떠올리며 확인하고 싶을 수 있어요. 가족에게는 오랫동안 쌓인 경험이 있어서 작은 변화도 빠르게 알아차릴 수 있지만, 알아차림이 곧 정확한 해석은 아니에요. 괜찮은지 여러 번 묻는 행동은 본인에게 관심과 안심을 위한 확인일 수 있지만, 상대에게는 감정을 설명하라는 압박이나 사생활 간섭으로 느껴질 수 있어요. 반대로 가족이 괜찮다고 짧게 말했을 때 더 묻지 않는 행동이 무관심한 것도 아니에요. 가족마다 말을 꺼내는 시점과 원하는 거리가 다르기 때문에, 관심의 의도와 상대가 받은 경험을 나눠 봐야 해요. 확인하기 전에 지금 이야기하고 싶은지, 나중에 먼저 말해 주길 원하는지, 도움이 필요하면 어떤 방식으로 알려주면 되는지를 물을 수 있어요. 이는 ENAKQ가 따라야 할 가족 규칙이 아니라, 상대 마음을 추정한 채 계속 확인하는 일과 아무 말 없이 물러나는 일 사이에서 선택할 수 있는 방법이에요.",반응성·스트레스 연구 간접,ENAKQ Part 3 claim mapping,"관계 결정론, 임상·낙인·문화 규범, 개인정보와 사용자 안전을 검토",,,,,,,,,,
enakq-trait-map-expert-review.v0.1,ENAKQ-EXPERT-PACKET.v0.1,,relationship_safety,W1,39,ENAKQ.family.role,observable_response,family,high,family,HOLD,research_only,comparison_safe,domain_scores;relationship_context,trait-map.enakq.family.role,ENAKQ-P7-03,가족과 함께 있을 때,"K가 드러나는 가족 생활에서는 약속된 일정과 생활의 흐름을 이어가거나, 함께 해야 할 준비를 정리하거나, 중단된 일을 다시 챙기는 모습이 나타날 수 있어요. 가족 행사와 병원 일정, 함께 사는 공간의 필요한 일처럼 누군가 이어가야 하는 부분을 먼저 확인할 수도 있어요. 다른 가족은 이런 행동을 안정적으로 느낄 수 있어요. 하지만 실제로 일을 맡아 해내는 양은 K만으로 설명하지 않아요. 시간, 건강, 경제적 여유, 돌봄 부담, 가족 내 권한과 기존 분담이 더 크게 작용할 수 있어요. K를 책임감이나 헌신으로 칭찬하면 사용자가 이미 감당하는 부담을 성향의 장점으로 포장할 수 있어요. 반대로 계획이 흐트러졌다고 무책임하다고 평가해서도 안 돼요. 가족 일을 꾸준히 이어가는 사람은 내가 하는 편이 빠르다고 생각해 혼자 맡는 일이 늘어날 수 있어요. 이 모습이 ENAKQ 모두에게 나타난다는 뜻은 아니지만, 실제로 반복된다면 역할을 나눌 필요가 있는지 확인할 수 있어요. 누가 해야 하는가뿐 아니라 얼마나 자주 해야 하는가, 지금 맡을 여유가 있는가, 도움을 요청하면 누가 이어받을 수 있는가를 구체적으로 말하면 성향에 기대어 역할이 고정되는 일을 줄일 수 있어요.",K 단일 정의+가족 가설,ENAKQ Part 3 claim mapping,"관계 결정론, 임상·낙인·문화 규범, 개인정보와 사용자 안전을 검토",,,,,,,,,,
enakq-trait-map-expert-review.v0.1,ENAKQ-EXPERT-PACKET.v0.1,,relationship_safety,W1,40,ENAKQ.family.support_prompt,conversation_prompt,family,high,family,COGNITIVE_REVIEW_REQUIRED,research_only,comparison_safe,domain_scores;relationship_context,trait-map.enakq.family.support_prompt,ENAKQ-P7-06,가족과 함께 있을 때,"가족이 힘들어할 때에는 위로와 해결 중 하나를 성향에 맞춰 자동 추천하지 않아요. 같은 사람도 몸이 아픈 날에는 실제 도움이 필요하고, 속상한 일을 겪은 날에는 판단 없이 들어주기를 원할 수 있어요. 지금은 들어주는 게 편한지, 함께 방법을 찾을지, 내가 대신할 수 있는 일이 있는지를 물으면 필요한 지원을 확인하기 쉬워요. ENAKQ 본인이 힘들 때도 가족이 마음을 알아서 맞혀 주기를 기대하기보다 필요한 반응을 말할 수 있어요. 지금은 결론보다 이야기를 들어줬으면 해, 오늘은 해야 할 일을 같이 정리해 줬으면 해, 잠깐 혼자 있고 나서 말할게처럼 구체적으로 알려주면 가족이 성향 코드를 추측해 행동할 필요가 줄어요. 가족 리포트의 목적은 누가 더 많이 챙기는지 평가하는 것이 아니에요. 서로 관심을 표현하는 방식, 일을 나누는 방식, 확인이 편한 범위, 갈등 뒤 필요한 시간을 알아보는 데 있어요. ENAKQ의 경향은 대화를 시작할 소재를 제공하고, 실제 가족 규칙은 각자의 말과 동의를 통해 정해요.",SUPPORT-MATCHING 간접; Part 3 근거,ENAKQ Part 3 claim mapping; ENAKQ Part 4 claim mapping,"관계 결정론, 임상·낙인·문화 규범, 개인정보와 사용자 안전을 검토",,,,,,,,,,
