claim_id,priority,required_roles,role_decisions,construct_fit_mean,evidence_fit_mean,inference_scope_mean,language_safety_mean,risk_flags,internal_disposition,required_revision_summary,rationale_summary,external_review_status,registry_mutation_permitted
ENAKQ.boundary.variability,high,psychometrics;relationship_safety,psychometrics:revise;relationship_safety:accept,4.00,3.00,3.50,4.00,evidence_mismatch,REVISE_BEFORE_NEXT_GATE,psychometrics: 개인 리포트에서 변동성을 언급하려면 점수 신뢰도·검사-재검사·상태 영향 자료와 불확실성 표기 규칙을 먼저 확정하고 현재는 일반 경계 문구로만 사용한다.,psychometrics: 상태와 상황에 따른 변동 가능성은 지지되지만 ENAKQ 개인 점수의 변동 폭과 경계 처리 방식은 아직 검증되지 않았다. | relationship_safety: INTERNAL_AGENT_CRITIQUE: 다섯 글자를 고정 행동이나 가치 서열로 합치지 않고 상황과 점수와 별도 측정 정보의 순서를 명확히 한다.,NOT_STARTED,false
ENAKQ.comparison.nonjudgment,critical,psychometrics;relationship_safety,psychometrics:accept;relationship_safety:accept,4.00,3.50,4.00,4.00,,INTERNAL_ACCEPT_NOT_APPROVED,,psychometrics: 측정값을 상대의 속마음이나 관계 판정으로 확장하지 않는 안전 경계이며 현재 입력 범위를 넘는 개인화 추론을 요구하지 않는다. | relationship_safety: INTERNAL_AGENT_CRITIQUE: 코드로 의도와 영향을 판정하지 않고 당사자가 공개한 경험과 선택을 우선하는 안전 경계가 명확하다.,NOT_STARTED,false
ENAKQ.conversation.A,high,relationship_safety,relationship_safety:accept,3.00,3.00,4.00,4.00,,INTERNAL_ACCEPT_NOT_APPROVED,,relationship_safety: INTERNAL_AGENT_CRITIQUE: A를 친절과 공감 능력으로 평가하지 않고 현재 필요한 지원을 직접 묻는 선택형 대화로 바꾼다.,NOT_STARTED,false
ENAKQ.conversation.E,high,relationship_safety,relationship_safety:accept,3.00,3.00,4.00,4.00,,INTERNAL_ACCEPT_NOT_APPROVED,,relationship_safety: INTERNAL_AGENT_CRITIQUE: E를 사교성 우열과 연락 책임으로 만들지 않고 참여 방식과 현재 상태를 확인하게 한다.,NOT_STARTED,false
ENAKQ.conversation.K,high,relationship_safety,relationship_safety:accept,3.00,3.00,4.00,4.00,,INTERNAL_ACCEPT_NOT_APPROVED,,relationship_safety: INTERNAL_AGENT_CRITIQUE: K와 M을 도덕성과 신뢰도의 서열로 만들지 않고 환경과 분담을 함께 확인한다.,NOT_STARTED,false
ENAKQ.conversation.N,high,relationship_safety,relationship_safety:accept,3.00,3.00,4.00,4.00,,INTERNAL_ACCEPT_NOT_APPROVED,,relationship_safety: INTERNAL_AGENT_CRITIQUE: N과 R을 지능이나 개방성의 가치 판단으로 만들지 않고 탐색과 결정 단계의 차이로 다룬다.,NOT_STARTED,false
ENAKQ.conversation.observation,high,relationship_safety,relationship_safety:accept,4.00,4.00,4.00,4.00,,INTERNAL_ACCEPT_NOT_APPROVED,,relationship_safety: INTERNAL_AGENT_CRITIQUE: 내적 경험과 관찰 행동을 구분하고 상대의 속마음을 코드로 대신 판단하지 않도록 한다.,NOT_STARTED,false
ENAKQ.conversation.Q,high,relationship_safety,relationship_safety:accept,4.00,3.00,4.00,4.00,,INTERNAL_ACCEPT_NOT_APPROVED,,relationship_safety: INTERNAL_AGENT_CRITIQUE: 감정 활성화와 비난이나 통제 행동을 분리하고 말하지 않을 선택과 지원 범위를 보장한다.,NOT_STARTED,false
ENAKQ.crush.ambiguity,high,personality_psychology;psychometrics;relationship_safety,personality_psychology:revise;psychometrics:insufficient_evidence;relationship_safety:revise,2.33,1.67,1.67,3.33,unmeasured_inference;evidence_mismatch,HOLD_FOR_MORE_EVIDENCE,personality_psychology: N 단일 경향의 조건부 예시와 N·A·Q 조합 가설을 분리하고 조합 문장은 상호작용 검증 전 노출하지 않는다. | psychometrics: 운영 보류. N·Q 단일 점수로 호감 관계의 모호성 반응을 예측하지 말고 관계 불확실성·상황 강도·반복 반응을 직접 측정해 증분타당도를 확인한다. | relationship_safety: N·A·Q 조합에서 관계가 멀어지는 설명에 오래 머문다는 개인화 문장을 운영 노출에서 제외하고 해당 장면을 직접 반복 측정한 경우에만 자기관찰 가설로 제시한다.,personality_psychology: 가능성 탐색과 마음 읽기를 구분한 경계는 적절하지만 세 자리 조합이 부정적 관계 설명에 오래 머문다는 증분 효과는 측정되지 않았다. | psychometrics: 인접 구성개념 설명만으로 특정 관계 장면의 사고·행동을 개인에게 발급할 수 없다. | relationship_safety: INTERNAL_AGENT_CRITIQUE: 애착과 집착으로 낙인찍지 않는 경계는 좋지만 검증되지 않은 조합 가설 자체가 관계 불안을 강화할 수 있다.,NOT_STARTED,false
ENAKQ.crush.attention,high,personality_psychology;psychometrics;relationship_safety,personality_psychology:revise;psychometrics:insufficient_evidence;relationship_safety:revise,2.33,1.67,2.00,3.33,evidence_mismatch;unmeasured_inference,HOLD_FOR_MORE_EVIDENCE,personality_psychology: A 점수에서 관찰 행동을 바로 예측하지 말고 관계 주의의 자기보고 경향과 실제 표현 수정 행동을 별도 신호로 구분한다. | psychometrics: 운영 보류. 상대에게 향한 주의 내용과 빈도를 직접 묻는 반복 장면 자료와 A 점수의 수렴·변별 자료를 확보한다. | relationship_safety: 메시지를 여러 번 고치거나 대화 속도를 맞춘다는 행동은 A 점수로 제시하지 말고 사용자가 직접 보고한 반복 행동이 있을 때만 선택형 문장으로 노출한다.,personality_psychology: 상대 상태에 주의가 향한다는 정의에는 맞지만 표현을 여러 번 고치고 속도를 맞춘다는 행동 일반화는 A 단일 점수의 근거 범위를 넘는다. | psychometrics: A 영역 점수만으로 마음 가는 상대에게 어떤 정보가 먼저 신경 쓰이는지 추론하는 근거가 부족하다. | relationship_safety: INTERNAL_AGENT_CRITIQUE: 선택권과 거절 존중은 적절하지만 A에서 연애 연락 행동으로 건너가는 추론은 직접 측정되지 않았다.,NOT_STARTED,false
ENAKQ.crush.boundary,critical,psychometrics;relationship_safety,psychometrics:accept;relationship_safety:revise,4.00,3.00,3.50,3.50,clinical_overreach,REVISE_BEFORE_NEXT_GATE,relationship_safety: 일상 기능 저하 안내와 즉각적 위험 안내를 분리하고 즉각 위험에는 지역별 긴급 지원과 신뢰할 수 있는 사람에게 연결하는 별도 흐름을 명시한다.,psychometrics: 비공개 결과와 관찰 기록으로 호감·속마음을 추정하지 않도록 제한하는 제품 정책으로서 측정 범위와 잘 맞는다. | relationship_safety: INTERNAL_AGENT_CRITIQUE: 비동의 정보 추론을 금지하는 점은 적절하지만 서로 다른 위험 수준을 한 문단에서 다뤄 사용자가 필요한 지원의 긴급도를 구분하기 어렵다.,NOT_STARTED,false
ENAKQ.crush.contact,high,personality_psychology;psychometrics;relationship_safety,personality_psychology:accept;psychometrics:insufficient_evidence;relationship_safety:accept,3.33,2.33,3.00,3.67,unmeasured_inference;evidence_mismatch,HOLD_FOR_MORE_EVIDENCE,psychometrics: 운영 보류. 연락 시작 행동·상대 선택권·관계 단계·기회 요인을 직접 측정하고 E가 행동을 추가로 설명하는지 검증한다.,personality_psychology: 연락 빈도에서 마음의 크기를 추론하지 않고 반복 행동과 명시적 의사를 함께 보라는 경계는 특정 유형을 단정하지 않으며 관계 불확실성의 개인차를 안전하게 다룬다. | psychometrics: 관계 맥락과 기회가 강하게 작용하는 연락 행동을 domain_scores로 예측하기 어렵다. | relationship_safety: INTERNAL_AGENT_CRITIQUE: 연락 빈도를 관심과 예의의 보편 규칙으로 만들지 않고 상대가 말한 의사와 실제 행동을 우선한다.,NOT_STARTED,false
ENAKQ.crush.context,high,personality_psychology;psychometrics;relationship_safety,personality_psychology:revise;psychometrics:revise;relationship_safety:revise,3.00,2.33,2.67,3.67,evidence_mismatch;unmeasured_inference,REVISE_BEFORE_NEXT_GATE,personality_psychology: 관계 초기의 일반적 불확실성 근거와 각 ENAKQ 자리의 활성화 가능성을 분리하고 후자는 검증 전 자기성찰 질문으로만 제시한다. | psychometrics: 호감 관계가 불확실성을 높일 수 있다는 일반 맥락 안내와 ENAKQ 개인 예측을 분리하고 개인화는 직접 측정한 관계 맥락 자료가 있을 때만 허용한다. | relationship_safety: 연애 초기에는 각 글자가 나타날 수 있다는 목록을 일반 교육 예시로만 두고 개인 결과에는 관계 맥락 응답이 없으면 다섯 방향을 연결하지 않는다.,personality_psychology: 관계 초기 불확실성과 상황 효과는 타당하지만 다섯 자리가 이 맥락에서 각각 더 두드러진다는 ENAKQ 고유 연결은 아직 직접 지지되지 않는다. | psychometrics: 맥락 경계는 유용하지만 ENAKQ에게 특정 반응이 더 커진다는 표현은 현재 근거를 앞선다. | relationship_safety: INTERNAL_AGENT_CRITIQUE: 권력 차이와 안전을 먼저 보라는 경계는 좋지만 대표 코드만으로 호감 장면의 주의 대상을 예측하는 인상을 줄 수 있다.,NOT_STARTED,false
ENAKQ.crush.expression,high,personality_psychology;psychometrics;relationship_safety,personality_psychology:revise;psychometrics:insufficient_evidence;relationship_safety:revise,2.33,1.67,2.00,3.33,evidence_mismatch;unmeasured_inference,HOLD_FOR_MORE_EVIDENCE,personality_psychology: 대표 E가 아니라 교류 에너지와 표현 시작의 세부 점수에 조건화하고 관계 장면으로의 전이를 검증할 때까지 후보 행동임을 전면에 둔다. | psychometrics: 운영 보류. 표현 방식과 실제 행동을 직접 측정하고 관계 단계·규범·상대 반응을 통제한 반복 자료를 확보한다. | relationship_safety: 먼저 연락과 만남 제안은 관계 맥락에서 직접 측정된 표현 시작 자료가 있을 때만 설명하고 대표 E만으로 노출하지 않는다.,personality_psychology: 표현 시작 경향과 능숙한 호감 표현을 구분한 점은 좋지만 복합 E에서 연애 초기 행동을 예측하는 근거는 부족하다. | psychometrics: E 점수와 상황 변산만으로 호감 표현 행동의 형태를 정할 수 없다. | relationship_safety: INTERNAL_AGENT_CRITIQUE: 마음의 크기를 추정하지 않는 경계는 적절하지만 E에서 호감 표현 행동으로 이어지는 주장은 검증 전이다.,NOT_STARTED,false
ENAKQ.crush.fact_check,high,psychometrics;relationship_safety,psychometrics:revise;relationship_safety:revise,3.00,2.00,3.00,3.50,evidence_mismatch;clinical_overreach;other,REVISE_BEFORE_NEXT_GATE,psychometrics: 성향 맞춤 처방이 아니라 모든 사용자가 선택할 수 있는 자기관찰 도구로 제공하고 효용·부작용·이탈을 파일럿에서 확인한다. | relationship_safety: 세 줄 기록은 선택형 일회성 도구로 두고 반복 확인이나 상대 행동 모니터링에 쓰지 않게 하며 생각이 더 길어지거나 기능이 저하되면 중단하고 지원을 찾는 안내를 추가한다.,psychometrics: 사실과 추측 구분은 안전하지만 ENAKQ 점수로 추천해야 한다는 측정 근거는 없다. | relationship_safety: INTERNAL_AGENT_CRITIQUE: 사실과 해석 구분은 안전에 도움이 될 수 있으나 호감 불확실성에서 반복 기록은 반추와 확인 행동을 늘릴 수 있다.,NOT_STARTED,false
ENAKQ.crush.prompt,high,psychometrics;relationship_safety,psychometrics:revise;relationship_safety:accept,3.50,2.50,3.50,4.00,evidence_mismatch,REVISE_BEFORE_NEXT_GATE,psychometrics: 코드 기반 자동 추천을 제거하고 현재 관계에서 사용자가 직접 고르는 대화 질문으로 운영한 뒤 이해도와 실제 유용성을 평가한다.,psychometrics: 대화 질문의 효용은 제품 가설이며 성향 점수에서 도출된 검증 결과가 아니다. | relationship_safety: INTERNAL_AGENT_CRITIQUE: 떠보기보다 자신의 바람을 직접 말하되 답하지 않음과 거절과 애매한 답을 동의로 바꾸지 않는 경계가 명확하다.,NOT_STARTED,false
ENAKQ.crush.reciprocity,high,personality_psychology;psychometrics;relationship_safety,personality_psychology:revise;psychometrics:insufficient_evidence;relationship_safety:accept,3.33,2.00,2.67,3.67,evidence_mismatch;unmeasured_inference;relationship_determinism,HOLD_FOR_MORE_EVIDENCE,personality_psychology: 성향 예측이 아닌 관계 관찰 가이드로 재분류하고 상호성 판단에 필요한 기간과 행동 범위를 정량 파일럿 전까지 특정하지 않는다. | psychometrics: 운영 보류. 상호성은 양측 행동·관계 단계·동의·기회 자료로 측정하고 한 사람의 코드로 상대 반응이나 관계 의도를 추정하지 않는다.,personality_psychology: 제안과 참여가 서로 다른 기여일 수 있다는 설명은 유용하지만 ENAKQ 점수에서 도출되는 주장이라기보다 일반적 양자 관계 원칙이다. | psychometrics: 단일 사용자의 domain_scores와 관계 맥락만으로 두 사람의 상호작용을 설명할 수 없다. | relationship_safety: INTERNAL_AGENT_CRITIQUE: 단일 연락 신호를 호감 전체로 해석하지 않고 반복 행동과 당사자의 명시적 의사를 함께 보게 한다.,NOT_STARTED,false
ENAKQ.crush.self_check,high,psychometrics;relationship_safety,psychometrics:revise;relationship_safety:revise,3.50,2.50,3.00,3.50,evidence_mismatch;clinical_overreach,REVISE_BEFORE_NEXT_GATE,psychometrics: 평가 점수와 분리된 선택형 일반 체크리스트로 제공하고 ENAKQ 전용 효과를 주장하지 않으며 사용자 안전성과 인지 이해도를 검토한다. | relationship_safety: 자기관찰 질문과 고통 또는 위협 상황을 시각적으로 분리하고 후자에는 성향 설명을 중단한 지역별 전문 및 긴급 지원 경로를 제공한다.,psychometrics: 자기관찰 질문은 합리적이지만 점수 기반 개인화 근거가 없다. | relationship_safety: INTERNAL_AGENT_CRITIQUE: 동의와 경계를 점검하는 질문은 적절하지만 고통과 폭력 상황의 제품 대응이 추상적이다.,NOT_STARTED,false
ENAKQ.crush.similarity,critical,psychometrics;relationship_safety,psychometrics:accept;relationship_safety:accept,4.00,4.00,4.00,4.00,,INTERNAL_ACCEPT_NOT_APPROVED,,psychometrics: 유사성을 호감 확률로 변환하지 않는 결론은 제시된 연구의 제한을 명시하고 측정 밖 요인을 남겨 두어 추론 범위가 적절하다. | relationship_safety: INTERNAL_AGENT_CRITIQUE: 코드 유사성을 호감과 궁합 확률로 변환하지 않고 측정하지 않은 관계 정보를 분리한다.,NOT_STARTED,false
ENAKQ.crush.uncertainty,high,personality_psychology;psychometrics;relationship_safety,personality_psychology:revise;psychometrics:insufficient_evidence;relationship_safety:revise,2.67,1.67,2.00,3.33,evidence_mismatch;unmeasured_inference,HOLD_FOR_MORE_EVIDENCE,personality_psychology: 관계 불확실성 자체와 ENAKQ 특정 자리의 반응을 구분하며 점수와 맥락을 함께 측정한 자료가 생기기 전에는 ENAKQ 고유 반응으로 쓰지 않는다. | psychometrics: 운영 보류. 관계 불확실성 상태를 직접 측정하고 Q·A·N과 구분되는지 및 시간적 선후를 확인한다. | relationship_safety: 관계 초기의 불확실성은 보편 맥락으로 설명하되 E·N·A·K·Q별 반응은 관계 맥락 응답이 확인되지 않으면 개인화하지 않는다.,personality_psychology: 초기 관계의 불확실성은 일반적이지만 대표 코드가 무엇을 먼저 주목하는지 설명하는 부분은 직접 검증이 없다. | psychometrics: 호감 관계의 불확실성을 Q나 조합의 내적 경험으로 발급할 직접 측정 근거가 없다. | relationship_safety: INTERNAL_AGENT_CRITIQUE: 애착과 호감 크기를 추정하지 않는 점은 좋지만 대표 코드가 연애 불확실성에서 작동하는 방식은 별도 검증이 필요하다.,NOT_STARTED,false
ENAKQ.daily.change,high,personality_psychology,personality_psychology:revise,3.00,2.00,2.00,4.00,unmeasured_inference,REVISE_BEFORE_NEXT_GATE,personality_psychology: K·Q 점수와 갑작스러운 변화 장면의 생각 및 행동을 따로 측정하고 특정 지원법은 개인 반응 자료가 있을 때만 제공한다.,personality_psychology: 문제 해결과 내적 부담의 공존 가능성은 타당하나 변화 상황에서 K와 Q가 함께 이 패턴을 만든다는 추론과 회복 선택지는 검증 전이다.,NOT_STARTED,false
ENAKQ.daily.context,standard,personality_psychology,personality_psychology:accept,4.00,4.00,4.00,4.00,,INTERNAL_ACCEPT_NOT_APPROVED,,personality_psychology: 성향 표현이 사람·과제·시간·휴식에 따라 달라지며 유형을 생활 규칙으로 쓰지 말아야 한다는 문장은 사람-상황 상호작용의 핵심 경계에 부합한다.,NOT_STARTED,false
ENAKQ.daily.conversation,high,personality_psychology,personality_psychology:revise,3.00,2.00,2.00,4.00,unmeasured_inference,REVISE_BEFORE_NEXT_GATE,personality_psychology: 교류 에너지·표현 시작·관계 주의의 세부 신호에 각각 연결하고 E·A 조합에서 배려적 발언 배분을 예측하지 않는다.,personality_psychology: 대화 시작과 교류 활성화는 E 후보 행동이지만 말하지 않은 사람에게 기회를 주는 행동은 A나 E의 점수만으로 도출되지 않는다.,NOT_STARTED,false
ENAKQ.daily.decision,high,personality_psychology,personality_psychology:insufficient_evidence,2.00,1.00,2.00,4.00,unmeasured_inference,HOLD_FOR_MORE_EVIDENCE,personality_psychology: N·K 단일 경향과 결정 단계별 행동을 함께 측정한 자료 및 상호작용 검증이 필요하다.,personality_psychology: 선택지 확장 뒤 계획을 지속한다는 순차 모델은 직관적이지만 N·K 조합이 실제 결정 과정에서 이런 순서를 보인다는 근거가 없다.,NOT_STARTED,false
ENAKQ.daily.rest,high,psychometrics;relationship_safety,psychometrics:insufficient_evidence;relationship_safety:accept,3.00,2.00,3.00,3.50,unmeasured_inference;evidence_mismatch,HOLD_FOR_MORE_EVIDENCE,psychometrics: 운영 보류. 회복 선호와 실제 도움을 별도 반복 자료로 수집하고 domain_scores가 아닌 recovery_preference에만 근거해 개인화한다.,psychometrics: 공통 처방 근거가 없으며 휴식 방식은 별도 구성개념과 현재 상태의 영향을 받는다. | relationship_safety: INTERNAL_AGENT_CRITIQUE: 회복법을 코드로 처방하지 않고 사용자가 현재 원하는 방식을 직접 고르게 하는 비처방 경계가 적절하다.,NOT_STARTED,false
ENAKQ.daily.schedule,high,personality_psychology;psychometrics,personality_psychology:revise;psychometrics:insufficient_evidence,2.50,2.00,2.50,3.50,evidence_mismatch;unmeasured_inference,HOLD_FOR_MORE_EVIDENCE,personality_psychology: K의 하위 구조가 확정된 뒤 시작·복귀·지속·정리 중 측정된 신호만 문장에 연결하고 생활 조건을 함께 표시한다. | psychometrics: 운영 보류. 시작·복귀·지속·정리 facet과 실제 일정 행동을 분리 측정하고 K 총점의 증분 예측력을 검증한다.,personality_psychology: 일정 행동의 상황 의존성을 잘 제한했지만 현재 K가 여러 실행 관련 행동을 한 글자로 묶어 각 행동을 예측할 수 있는지는 검증되지 않았다. | psychometrics: K 단일 점수만으로 일상 일정 행동을 발급하면 세부 성향과 상황 영향을 가린다.,NOT_STARTED,false
ENAKQ.daily.self_check,high,relationship_safety,relationship_safety:accept,4.00,3.00,4.00,4.00,,INTERNAL_ACCEPT_NOT_APPROVED,,relationship_safety: INTERNAL_AGENT_CRITIQUE: 행동을 좋은 날의 점수로 평가하지 않고 상황과 역할의 영향을 함께 보게 해 낙인과 자기비난을 줄인다.,NOT_STARTED,false
ENAKQ.evidence.adjacent_construct,standard,psychometrics,psychometrics:accept,4.00,4.00,4.00,4.00,,INTERNAL_ACCEPT_NOT_APPROVED,,psychometrics: 인접 척도와 ENAKQ의 검증을 구분하고 외부 효과 크기·규준을 옮기지 않는 설명이 정확하다.,NOT_STARTED,false
ENAKQ.evidence.ai_boundary,critical,psychometrics;relationship_safety,psychometrics:accept;relationship_safety:revise,4.00,3.50,3.50,3.50,privacy_scope,REVISE_BEFORE_NEXT_GATE,relationship_safety: 비민감 입력도 결합 시 민감 추론이 될 수 있음을 밝히고 외부 모델 전송 여부와 보관 기간과 삭제와 이차 이용 금지와 사람의 이의 제기 경로를 제품 계약에 추가한다.,psychometrics: 비민감 보조 기능과 민감한 성향·호감·정신건강 추론을 구분한 안전 정책이며 검사 점수에서 새로운 심리 특성을 만들지 않는다. | relationship_safety: INTERNAL_AGENT_CRITIQUE: 성향과 호감과 정신건강 추론 금지는 강하지만 비민감 정보 정리라는 예외의 처리 범위가 넓어 재식별과 이차 추론 여지가 남는다.,NOT_STARTED,false
ENAKQ.evidence.boundary,standard,psychometrics,psychometrics:revise,4.00,3.00,3.00,4.00,evidence_mismatch,REVISE_BEFORE_NEXT_GATE,psychometrics: 경계 점수·추가 질문·개인화 범위는 실제 채점 불확실성 규칙과 신뢰도 자료가 확정된 항목만 사실형으로 노출하고 나머지는 계획으로 표시한다.,psychometrics: 측정 오차 경계는 타당하지만 현재 실행되지 않은 점수 처리까지 포함한다.,NOT_STARTED,false
ENAKQ.evidence.content_validity,standard,psychometrics,psychometrics:accept,4.00,4.00,4.00,4.00,,INTERNAL_ACCEPT_NOT_APPROVED,,psychometrics: 관련성·포괄성·이해 가능성에서 구조·재검사·수렴·변별·집단 등가성·준거로 이어지는 검증 순서가 적절하다.,NOT_STARTED,false
ENAKQ.evidence.culture,high,psychometrics,psychometrics:accept,4.00,4.00,4.00,4.00,,INTERNAL_ACCEPT_NOT_APPROVED,,psychometrics: 번역과 검사 적응을 구분하고 한국어 인지 인터뷰·집단별 등가성·표본 대표성을 요구해 방법론 경계가 적절하다.,NOT_STARTED,false
ENAKQ.evidence.final_boundary,standard,psychometrics,psychometrics:revise,4.00,3.00,3.00,4.00,evidence_mismatch,REVISE_BEFORE_NEXT_GATE,psychometrics: 가장 확실한 항목이라는 서열 표현을 제거하고 각 claim의 실제 증거 상태·미완료 검증·마지막 검토 날짜를 개별 표시한다.,psychometrics: 근거 수준 공개 원칙은 적절하지만 다섯 자리 정의의 상대적 확실성도 아직 정량 자료 없이 단정할 수 없다.,NOT_STARTED,false
ENAKQ.evidence.intended_use,critical,psychometrics;relationship_safety,psychometrics:accept;relationship_safety:accept,4.00,4.00,4.00,4.00,,INTERNAL_ACCEPT_NOT_APPROVED,,psychometrics: 고용·보험·교육 등 고위험 의사결정과 관계 성공 예측을 금지한 사용 목적 경계가 측정 근거 수준에 부합한다. | relationship_safety: INTERNAL_AGENT_CRITIQUE: 고용과 보험과 교육과 위험성 판정 및 관계 예측을 명시적으로 금지해 차별과 결정론 위험을 잘 제한한다.,NOT_STARTED,false
ENAKQ.evidence.nonvalidation,standard,psychometrics,psychometrics:accept,4.00,4.00,4.00,4.00,,INTERNAL_ACCEPT_NOT_APPROVED,,psychometrics: 외부 인접 연구가 ENAKQ 자체의 정확성을 인증하지 않는다고 명확히 밝혀 증거 이전 오류를 막는다.,NOT_STARTED,false
ENAKQ.evidence.norms,critical,psychometrics;relationship_safety,psychometrics:accept;relationship_safety:accept,4.00,4.00,4.00,4.00,,INTERNAL_ACCEPT_NOT_APPROVED,,psychometrics: 대표성 있는 규준이 없다는 사실과 앱 이용자 비율을 인구 규준으로 부르지 않는 제한이 정확하다. | relationship_safety: INTERNAL_AGENT_CRITIQUE: 문화와 세대와 가족 형태의 차이를 인정하고 앱 표본을 한국인 규준으로 오인하지 않게 하는 보호 경계가 적절하다.,NOT_STARTED,false
ENAKQ.evidence.privacy,critical,psychometrics;relationship_safety,psychometrics:accept;relationship_safety:revise,4.00,3.50,3.50,3.50,privacy_scope,REVISE_BEFORE_NEXT_GATE,relationship_safety: 민감 필드의 수집 최소화와 보관 기간과 철회 후 파생 결과 삭제와 접근 기록과 미성년자 처리 원칙을 별도 데이터 계약으로 명시한다.,psychometrics: 원응답·과정·상태 자료를 기본 비공개로 두고 동의 범위만 사용하는 정책은 측정 결과의 민감도를 적절히 반영한다. | relationship_safety: INTERNAL_AGENT_CRITIQUE: 기본 비공개와 동의 철회는 적절하지만 실제 개인정보 수명주기와 파생 데이터 삭제 범위가 아직 정의되지 않았다.,NOT_STARTED,false
ENAKQ.evidence.scope,standard,psychometrics,psychometrics:accept,4.00,4.00,4.00,4.00,,INTERNAL_ACCEPT_NOT_APPROVED,,psychometrics: 현재 근거 원장의 범위와 독자 검사 검증의 부재를 구분하고 한 단계 통과를 과학적 증명으로 부르지 않는다.,NOT_STARTED,false
ENAKQ.evidence.structure,standard,psychometrics,psychometrics:accept,4.00,4.00,4.00,4.00,,INTERNAL_ACCEPT_NOT_APPROVED,,psychometrics: 구조·안정성·수렴·변별·집단 등가성·행동 준거를 요구하는 미실행 검증 계획으로서 내용이 적절하다.,NOT_STARTED,false
ENAKQ.evidence.translation,standard,psychometrics,psychometrics:accept,4.00,4.00,4.00,4.00,,INTERNAL_ACCEPT_NOT_APPROVED,,psychometrics: 번역을 적응과 동일시하지 않고 언어·문화 등가성 및 한국 표본 규준을 요구해 방법론 경계가 정확하다.,NOT_STARTED,false
ENAKQ.evidence.uncertainty,standard,psychometrics,psychometrics:revise,4.00,3.00,3.00,4.00,evidence_mismatch,REVISE_BEFORE_NEXT_GATE,psychometrics: 측정 오차·경계·추가 질문의 표시를 실제 신뢰도와 분류 불확실성 모형에 연결하고 구현 전에는 설계 상태를 명시한다.,psychometrics: 불확실성을 공개하려는 원칙은 적절하지만 ENAKQ에 적용할 정량 기준은 아직 실행되지 않았다.,NOT_STARTED,false
ENAKQ.evidence.update,standard,psychometrics,psychometrics:accept,4.00,3.00,4.00,4.00,,INTERNAL_ACCEPT_NOT_APPROVED,,psychometrics: claim별 상태·출처·변경 이력과 실제 검토 완료 여부를 공개하겠다는 정책은 검증 상태를 과장하지 않는다.,NOT_STARTED,false
ENAKQ.evidence.user_reading,high,psychometrics,psychometrics:revise,4.00,3.00,3.00,4.00,evidence_mismatch,REVISE_BEFORE_NEXT_GATE,psychometrics: 다섯 자리 범위가 가장 확실하다는 표현을 설계상 가장 명시된 범위로 낮추고 외부·인지·정량 검증 완료 전에는 확실성 서열을 사실로 제시하지 않는다.,psychometrics: 투명성 원칙은 적절하지만 현 단계에서 다섯 자리 자체가 가장 확실하다는 비교 판단은 경험적으로 입증되지 않았다.,NOT_STARTED,false
ENAKQ.evidence.validation_plan,standard,psychometrics,psychometrics:accept,4.00,4.00,4.00,4.00,,INTERNAL_ACCEPT_NOT_APPROVED,,psychometrics: 내용타당도부터 구조·안정성·변별·등가성·준거까지 단계적으로 확인하려는 계획이 측정 표준에 부합한다.,NOT_STARTED,false
ENAKQ.evidence.versioning,critical,psychometrics;relationship_safety,psychometrics:revise;relationship_safety:accept,4.00,3.50,3.50,4.00,evidence_mismatch,REVISE_BEFORE_NEXT_GATE,psychometrics: 경계 점수와 추가 질문의 처리 규칙은 신뢰구간·재검사 정책·버전별 채점 규칙이 실제로 구현된 뒤에만 사실형으로 노출하고 그전에는 설계 원칙으로 표시한다.,psychometrics: 측정 오차와 변동성 경계는 타당하지만 현재 문장은 아직 실행되지 않은 점수 처리까지 작동하는 것처럼 읽힐 수 있다. | relationship_safety: INTERNAL_AGENT_CRITIQUE: 결과의 변동과 측정 오차와 버전 변경을 숨기지 않고 과거 결과를 소급 재해석하지 않는 원칙이 안전하다.,NOT_STARTED,false
ENAKQ.family.care,high,personality_psychology;psychometrics;relationship_safety,personality_psychology:revise;psychometrics:insufficient_evidence;relationship_safety:revise,2.33,1.67,1.67,3.33,unmeasured_inference;evidence_mismatch;cultural_norm,HOLD_FOR_MORE_EVIDENCE,personality_psychology: E와 A의 단일 정의를 가족 돌봄 행동으로 합성하지 말고 가족 맥락의 실제 안부·연락 행동과 관계 안전성을 별도로 측정한다. | psychometrics: 운영 보류. 돌봄 행동·주의·연락을 분리하고 가족 역할·동거·기회·상대 자료를 포함한 반복 측정으로 검증한다. | relationship_safety: 가족 안부 확인과 돌봄 행동은 E·A로 예측하지 말고 사용자가 가족 범위와 실제 반복 행동을 직접 제공한 경우에만 설명한다.,personality_psychology: 후보라는 완화 표현은 있으나 E·A가 가족에게 먼저 안부를 묻는다는 상황 전이는 직접 근거가 부족하고 가족 역할의 영향을 크게 받는다. | psychometrics: E/A 점수로 가족 돌봄 행동을 예측하는 직접 근거가 없고 연락을 관심으로 오인할 위험이 있다. | relationship_safety: INTERNAL_AGENT_CRITIQUE: 연락 횟수를 관심으로 바꾸지 않는 점은 좋지만 코드에서 가족 돌봄 행동을 도출하면 문화적 돌봄 규범을 성향으로 재생산할 수 있다.,NOT_STARTED,false
ENAKQ.family.conflict,high,personality_psychology;psychometrics;relationship_safety,personality_psychology:revise;psychometrics:insufficient_evidence;relationship_safety:accept,3.00,2.00,2.67,3.67,unmeasured_inference;evidence_mismatch,HOLD_FOR_MORE_EVIDENCE,personality_psychology: G/A 과정 신호가 충분한 경우에만 갈등 반응 순서를 제시하고 대표 A에서 행동 순서를 암시하는 문장은 제거한다. | psychometrics: 운영 보류. 갈등 장면의 첫 주의·실제 반응·이유·안전 맥락을 직접 측정한 경우에만 과정 설명 후보로 둔다.,personality_psychology: 생각과 행동을 분리하고 경계를 말할 수 있음을 명시한 점은 적절하지만 가족 갈등에서의 순서는 과정 자료 없이는 판별할 수 없다. | psychometrics: 대표 코드와 relationship_context만으로 갈등 순서나 회복 행동을 발급할 수 없다. | relationship_safety: INTERNAL_AGENT_CRITIQUE: 갈등 회피와 배려를 분리하고 안전하지 않은 관계에서는 대화 지속보다 거리와 외부 도움을 우선한다.,NOT_STARTED,false
ENAKQ.family.contact,high,personality_psychology;psychometrics;relationship_safety,personality_psychology:revise;psychometrics:insufficient_evidence;relationship_safety:revise,2.33,1.67,1.67,3.33,unmeasured_inference;evidence_mismatch;cultural_norm,HOLD_FOR_MORE_EVIDENCE,personality_psychology: 가족 연락 행동을 E·A 조합의 결과로 제시하지 말고 표현 시작 세부 점수와 실제 연락 기록을 분리해 검증한다. | psychometrics: 운영 보류. 연락 행동을 직접 측정하고 가족 역할·생활 필요·기회·선호를 통제해 E/A의 추가 설명력을 검증한다. | relationship_safety: 연락 빈도와 먼저 연락하는 행동을 대표 코드에서 제거하고 가족 구성과 동거와 돌봄 역할을 포함한 실제 자료로만 개인화한다.,personality_psychology: 가족에게 먼저 연락한다는 행동은 관계 역사와 역할 분담의 영향이 커서 대표 코드로 일반화하기 어렵다. | psychometrics: 연락 빈도와 시작 행동은 성향보다 가족 구조와 생활 조건에 크게 좌우될 수 있다. | relationship_safety: INTERNAL_AGENT_CRITIQUE: 가족 연락을 적정 횟수로 평가하지 않는 경계는 좋지만 E·A와 연락 행동 연결은 규범 편향과 과잉 추론 위험이 있다.,NOT_STARTED,false
ENAKQ.family.context,high,personality_psychology;psychometrics;relationship_safety,personality_psychology:revise;psychometrics:revise;relationship_safety:accept,3.33,2.67,3.67,4.00,evidence_mismatch;cultural_norm,REVISE_BEFORE_NEXT_GATE,personality_psychology: 가족 역할·동거·돌봄·세대와 문화 맥락을 먼저 제시하고 ENAKQ별 예시는 한국어 인지 면접과 상황별 자료를 거친 뒤 사용한다. | psychometrics: 가족 역할과 관계 범위의 일반 맥락 경계로 제시하고 특정 가족 형태·역할별 성향 예측은 하지 않으며 한국어 인지 인터뷰로 문화적 이해를 확인한다.,personality_psychology: 가족에서 다른 모습이 나타날 수 있다는 경계는 타당하지만 역할과 책임의 양상은 문화와 가족 구조에 따라 달라 직접 적용 근거가 필요하다. | psychometrics: 역할이 행동을 바꿀 수 있다는 경계는 타당하지만 ENAKQ 개인화 근거와 분리해야 한다. | relationship_safety: INTERNAL_AGENT_CRITIQUE: 가족 역할과 성향 행동을 구분하고 선택한 가족을 포함하며 결혼과 성 역할과 돌봄 의무를 정상 기준으로 두지 않는다.,NOT_STARTED,false
ENAKQ.family.friction,high,personality_psychology;psychometrics;relationship_safety,personality_psychology:insufficient_evidence;psychometrics:insufficient_evidence;relationship_safety:revise,2.00,1.33,1.67,2.67,unmeasured_inference;evidence_mismatch;relationship_determinism,HOLD_FOR_MORE_EVIDENCE,personality_psychology: A·Q 상호작용과 가족 장면의 걱정 및 확인 행동을 직접 검증하기 전에는 코드 기반 마찰 패턴으로 발행하지 않는다. | psychometrics: 운영 보류. A·Q 상호작용과 확인 행동·상대 영향은 양측 반복 장면 자료와 상호작용 모형으로 검증한다. | relationship_safety: A·Q 조합이 가족 확인 행동으로 이어진다는 개인화 문장을 보류하고 본인이 직접 보고한 반복 장면에만 제시하며 상대의 사생활과 답하지 않을 권리를 앞에 배치한다.,personality_psychology: 작은 변화를 알아차리고 반복 확인할 수 있다는 흐름은 A·Q 합성 가설이며 알아차림 정확도와 확인 행동 모두 현재 점수에서 측정되지 않는다. | psychometrics: 두 영역의 선명도를 가족 장면의 걱정과 반복 확인 행동으로 연결하는 근거가 없다. | relationship_safety: INTERNAL_AGENT_CRITIQUE: 반복 확인의 압박을 경고하지만 검증되지 않은 조합 설명이 침해 행동을 성향상 자연스러운 반응으로 정상화할 수 있다.,NOT_STARTED,false
ENAKQ.family.role,high,personality_psychology;psychometrics;relationship_safety,personality_psychology:revise;psychometrics:insufficient_evidence;relationship_safety:revise,2.33,1.67,1.67,3.00,ability_inference;unmeasured_inference;cultural_norm,HOLD_FOR_MORE_EVIDENCE,personality_psychology: K를 가족 책임 수행이나 돌봄 역할과 연결하지 말고 시작·지속 관련 자기보고와 실제 분담·자원 조건을 분리한다. | psychometrics: 운영 보류. 실제 역할 수행·자원·권한·부담을 별도 측정하고 K와 책임·헌신·수행량을 분리한다. | relationship_safety: 가족 일정과 돌봄 노동을 K에서 추론하지 말고 실제 분담과 자원과 권한을 묻는 독립 자료가 있을 때만 설명하며 역할 고정 경고를 먼저 노출한다.,personality_psychology: 도덕성과 실제 수행량을 부정한 것은 좋지만 가족 일정을 챙기는 예시는 K가 책임 있는 가족 역할을 맡는다는 후광을 만들 수 있다. | psychometrics: K 점수로 가족 내 역할 이행을 설명하면 환경과 불평등한 분담을 성향으로 오인할 수 있다. | relationship_safety: INTERNAL_AGENT_CRITIQUE: 부담을 강점으로 포장하지 않는 문장은 좋지만 코드에서 가족 관리 역할을 떠올리게 하는 것 자체가 기존 가족 규범을 강화할 수 있다.,NOT_STARTED,false
ENAKQ.family.support_prompt,high,psychometrics;relationship_safety,psychometrics:revise;relationship_safety:accept,3.50,3.00,4.00,4.00,evidence_mismatch,REVISE_BEFORE_NEXT_GATE,psychometrics: 코드 자동 추천이 아닌 모든 가족이 선택할 수 있는 대화 프롬프트로 제공하고 상황별 이해도·유용성·안전성을 검토한다.,psychometrics: 지원 선호를 직접 묻는 구조는 안전하지만 ENAKQ 점수에 맞춘 처방으로 볼 근거는 없다. | relationship_safety: INTERNAL_AGENT_CRITIQUE: 위로와 해결을 자동 배정하지 않고 당사자의 현재 필요와 가능한 범위를 직접 합의하게 한다.,NOT_STARTED,false
ENAKQ.friend.context,high,personality_psychology;psychometrics;relationship_safety,personality_psychology:revise;psychometrics:revise;relationship_safety:revise,3.00,2.33,2.67,3.67,evidence_mismatch;cultural_norm;unmeasured_inference,REVISE_BEFORE_NEXT_GATE,personality_psychology: 친구 관계의 빈도·친밀도·집단 규범을 명시하고 E 관련 예시는 표현 시작 세부 점수와 실제 친구 장면 자료에 조건화한다. | psychometrics: 친숙도·모임 크기·기회가 행동을 바꿀 수 있다는 일반 경계와 ENAKQ의 개인 행동 후보를 분리하고 개인화에는 직접 상황 자료를 요구한다. | relationship_safety: 친구에게 먼저 연락하고 모임을 여는 행동은 대표 코드가 아니라 친구 맥락의 실제 반복 응답이 확인된 경우에만 개인화한다.,personality_psychology: 친구 맥락에서 성향 표현이 달라진다는 방향은 맞지만 먼저 연락하고 활동을 제안한다는 ENAKQ 고유 묘사는 직접 검증되지 않았다. | psychometrics: 상황 변산 설명은 적절하지만 먼저 연락·주제 제안 행동을 대표 코드에서 추론하기에는 근거가 부족하다. | relationship_safety: INTERNAL_AGENT_CRITIQUE: 친숙도와 역할을 고려하지만 ENAKQ에서 친구 관계 시작 행동을 추론하는 범위는 아직 넓다.,NOT_STARTED,false
ENAKQ.friend.distance,high,personality_psychology;psychometrics;relationship_safety,personality_psychology:insufficient_evidence;psychometrics:insufficient_evidence;relationship_safety:revise,2.00,1.33,1.67,3.33,unmeasured_inference;evidence_mismatch;relationship_determinism,HOLD_FOR_MORE_EVIDENCE,personality_psychology: N·Q 상호작용과 친구 답장 지연에 대한 해석 지속을 함께 측정한 자료가 생기기 전에는 발행하지 않는다. | psychometrics: 운영 보류. 답장 지연 장면의 생각·걱정·행동과 관계 규범을 직접 측정하고 N×Q 효과를 검증한다. | relationship_safety: N·Q 조합이 관계가 멀어지는 이야기를 만든다는 문장을 운영 개인화에서 제외하고 늦은 답장에 대한 실제 자기보고와 반복 자료가 있을 때만 제한적으로 제시한다.,personality_psychology: 답장 지연에서 여러 이유를 떠올리고 부정적 설명에 머문다는 조합은 단일 축 정의를 합성한 가설로 증분 타당도 근거가 없다. | psychometrics: N과 Q의 단일 정의로 친구의 연락 지연에 대한 사고 흐름을 발급할 수 없다. | relationship_safety: INTERNAL_AGENT_CRITIQUE: 답장 지연을 관계 신호로 단정하지 않는 점은 좋지만 조합 가설이 친구 관계 불안을 유형화할 수 있다.,NOT_STARTED,false
ENAKQ.friend.initiation,high,personality_psychology;psychometrics;relationship_safety,personality_psychology:revise;psychometrics:insufficient_evidence;relationship_safety:revise,2.33,1.67,2.00,3.33,evidence_mismatch;unmeasured_inference,HOLD_FOR_MORE_EVIDENCE,personality_psychology: 대표 E가 아닌 표현 시작 세부 점수로 제한하고 최근 피로와 관계 규범 등 상황 변인을 함께 표시한다. | psychometrics: 운영 보류. 표현 시작 facet과 실제 연락·제안 행동을 관계 친숙도·기회와 함께 반복 측정한다. | relationship_safety: 먼저 연락과 날짜 제안은 E 점수만으로 제시하지 말고 관계 친숙도와 모임 크기와 실제 행동 자료를 필수 입력으로 둔다.,personality_psychology: 친구에게 먼저 연락한다는 후보는 표현 시작과 정합적이지만 복합 E 점수에서 특정 관계 행동으로 전이되는 정도가 검증되지 않았다. | psychometrics: E 대표 점수만으로 친구 관계의 시작 행동을 예측하는 직접 근거가 없다. | relationship_safety: INTERNAL_AGENT_CRITIQUE: 연락 횟수를 우정 노력으로 평가하지 않는 보호 문구에도 불구하고 관계 행동 추론은 직접 검증되지 않았다.,NOT_STARTED,false
ENAKQ.friend.novelty,high,personality_psychology;psychometrics;relationship_safety,personality_psychology:revise;psychometrics:insufficient_evidence;relationship_safety:revise,2.33,1.67,1.67,3.33,unmeasured_inference;evidence_mismatch,HOLD_FOR_MORE_EVIDENCE,"personality_psychology: 새 활동 제안은 N의 세부 탐색 신호로만, 실제 약속 전환은 K 및 행동 자료로 별도 처리하고 조합 효과를 말하지 않는다. | psychometrics: 운영 보류. 탐색 facet·활동 선호·실제 제안과 실행을 분리 측정하고 N·K 조합의 증분타당도를 검증한다. | relationship_safety: 새 장소 제안과 예약과 정산 행동은 N·K 조합에서 추론하지 말고 직접 관찰 또는 자기보고 자료가 있을 때만 설명한다.",personality_psychology: 새 경험 탐색은 N 정의와 맞지만 K가 이를 실제 약속으로 이어 준다는 조합 해석은 측정되지 않았다. | psychometrics: N과 K 단일 정의를 새로운 활동 제안과 실행 행동으로 확장했다. | relationship_safety: INTERNAL_AGENT_CRITIQUE: 분담과 비용을 확인하게 하는 점은 안전하지만 조합에서 실제 친구 활동을 예측하는 주장은 근거가 부족하다.,NOT_STARTED,false
ENAKQ.friend.reciprocity,high,personality_psychology;psychometrics;relationship_safety,personality_psychology:revise;psychometrics:revise;relationship_safety:accept,3.67,2.67,3.33,4.00,evidence_mismatch,REVISE_BEFORE_NEXT_GATE,personality_psychology: 일반 관계 교육 문장으로 분리하고 ENAKQ 결과에 귀속하지 않으며 기여 방식의 평가는 당사자 진술과 구체 행동을 사용한다. | psychometrics: ENAKQ에게 나타나는 반응으로 발급하지 말고 양측 행동 횟수와 기대를 직접 확인하는 일반 대화 가이드로 제공하며 유용성을 검토한다.,personality_psychology: 제안과 참여가 모두 관계 기여일 수 있다는 설명은 구성개념상 안전하지만 성향 코드의 고유 결과라기보다 일반적인 관계 원칙이다. | psychometrics: 상호성 프롬프트는 유용할 수 있으나 성향 점수 기반 설명은 간접 근거에 머문다. | relationship_safety: INTERNAL_AGENT_CRITIQUE: 관계 기여를 연락 횟수로 단순화하지 않고 구체적 장면과 요청을 말하게 하며 반복적 경계 침해에는 조율을 강요하지 않는다.,NOT_STARTED,false
ENAKQ.friend.repair,high,personality_psychology;psychometrics;relationship_safety,personality_psychology:accept;psychometrics:insufficient_evidence;relationship_safety:accept,3.33,2.33,3.00,3.67,unmeasured_inference;evidence_mismatch,HOLD_FOR_MORE_EVIDENCE,psychometrics: 운영 보류. 갈등 후 행동·시간·상대 반응·관계 안전을 양측에서 반복 측정해 회복 패턴을 검증한다.,personality_psychology: 인물 평가 대신 구체 장면과 원하는 행동을 말하라는 내용은 특정 성향을 원인으로 단정하지 않고 다양한 친구 관계에 적용 가능한 안전한 대화 경계다. | psychometrics: 제품 대화 가설만으로 친구 관계의 회복 행동을 개인화할 수 없다. | relationship_safety: INTERNAL_AGENT_CRITIQUE: 깊은 대화를 유일한 회복 방식으로 강요하지 않고 문제 크기와 여유와 안전을 우선한다.,NOT_STARTED,false
ENAKQ.friend.similarity,critical,psychometrics;relationship_safety,psychometrics:accept;relationship_safety:accept,4.00,4.00,4.00,4.00,,INTERNAL_ACCEPT_NOT_APPROVED,,psychometrics: 코드 유사성을 우정의 적합 확률로 해석하지 않고 대화 소재로만 제한해 dyadic 근거의 범위를 지킨다. | relationship_safety: INTERNAL_AGENT_CRITIQUE: 친구 코드 유사성을 관계 적합성으로 판정하지 않고 구체적 경험과 합의로 돌리는 문구가 비결정론적이다.,NOT_STARTED,false
ENAKQ.friend.support,high,psychometrics;relationship_safety,psychometrics:revise;relationship_safety:accept,3.50,2.50,3.50,4.00,evidence_mismatch,REVISE_BEFORE_NEXT_GATE,psychometrics: A→A·A→G가 별도 과정 측정으로 유효할 때만 설명하고 질문 자체는 코드와 무관한 선택형 지원 확인 문구로 제공한다.,psychometrics: 지원 확인 질문은 안전하지만 과정 코드와 친구 관계 결과의 연결은 검증되지 않았다. | relationship_safety: INTERNAL_AGENT_CRITIQUE: 위로와 해결의 우열을 만들지 않고 실제 과정 자료와 현재 필요와 듣는 사람의 한계를 함께 확인한다.,NOT_STARTED,false
ENAKQ.general.definition.A,high,personality_psychology;psychometrics,personality_psychology:insufficient_evidence;psychometrics:insufficient_evidence,2.50,1.50,2.00,4.00,evidence_mismatch,HOLD_FOR_MORE_EVIDENCE,"personality_psychology: A/G 양극 구성개념의 내용 타당도와 요인 구조, 기존 대인 특성과의 수렴·변별 타당도를 확인한 뒤 정의를 확정한다. | psychometrics: 운영 코드 확정 보류. 관계 주의와 원인·해결 주의의 양극성이 한국어 문항에서 재현되는지 내용타당도·요인구조·수렴·변별·재검사 자료로 확인한다.",personality_psychology: 상대 마음 대 원인·해결이라는 관심 방향은 이해하기 쉽지만 하나의 양극 축인지와 능력·친절성과 실제로 구분되는지는 아직 정량 검증되지 않았다. | psychometrics: A/G는 인접 연구보다 좁고 독자적인 축이며 현재 내부 정의와 간접 근거만으로 점수 해석을 확정할 수 없다.,NOT_STARTED,false
ENAKQ.general.definition.E,high,personality_psychology;psychometrics,personality_psychology:revise;psychometrics:insufficient_evidence,3.00,2.50,2.50,4.00,evidence_mismatch,HOLD_FOR_MORE_EVIDENCE,personality_psychology: 교류 에너지와 표현 시작의 상관 및 상위 요인 적합도를 확인하고 둘이 갈릴 때 대표 E를 부여하는 채점 규칙을 명시한다. | psychometrics: 운영 코드 확정 보류. 에너지와 표현 시작의 상관·상위요인·교차적재를 검증하고 둘이 갈릴 때 총점 발급 및 facet 표시 규칙을 사전 확정한다.,personality_psychology: 외향성 관련 근거와 경계는 비교적 강하지만 두 세부 성향을 하나의 문자로 묶는 뉴앙 고유 구조와 대표 코드 판정은 아직 잠정적이다. | psychometrics: 서로 다른 두 facet을 한 글자로 묶는 구조가 아직 ENAKQ 자료에서 입증되지 않았다.,NOT_STARTED,false
ENAKQ.general.definition.K,high,personality_psychology;psychometrics,personality_psychology:insufficient_evidence;psychometrics:insufficient_evidence,2.50,1.50,2.00,4.00,evidence_mismatch,HOLD_FOR_MORE_EVIDENCE,personality_psychology: 시작·복귀·지속·정리의 요인 구조와 맡은 일 이행의 포함 여부를 정량 검증한 뒤 K의 포함·제외 범위를 확정한다. | psychometrics: 운영 코드 확정 보류. 시작·복귀·지속과 정리·계획 및 후보 이행 facet의 구조를 비교하고 총점·facet 분기 규칙을 검증한다.,personality_psychology: 현재 정의가 여러 실행 및 질서 관련 행동을 묶고 세 번째 하위 성향도 미정이어서 하나의 안정된 구성개념으로 해석하기 이르다. | psychometrics: 여러 실행 관련 행동이 단일 양극 축을 형성하는지와 반대 방향의 의미가 아직 확정되지 않았다.,NOT_STARTED,false
ENAKQ.general.definition.N,high,personality_psychology;psychometrics,personality_psychology:revise;psychometrics:insufficient_evidence,3.00,2.50,2.50,4.00,evidence_mismatch,HOLD_FOR_MORE_EVIDENCE,personality_psychology: 개방성·지성 및 MBTI N과의 수렴·변별 관계를 검증하고 미적 경험·상상 확장·지적 탐구가 상위 N에 묶이는지 확인한다. | psychometrics: 운영 코드 확정 보류. 미적 경험·상상 확장·지적 탐구의 상위구조와 R 방향을 검증하고 MBTI와의 유사·차이를 경험적으로 확인한다.,personality_psychology: 가능성 및 원리 탐색의 경계는 비교적 명확하지만 세 하위 영역과 R 대극을 포함한 뉴앙 고유 점수는 기존 검사와 동일하지 않아 직접 검증이 필요하다. | psychometrics: 세 facet과 독자 R 반대 방향이 하나의 점수로 해석 가능한지 자료가 부족하다.,NOT_STARTED,false
ENAKQ.general.definition.Q,high,personality_psychology;psychometrics,personality_psychology:insufficient_evidence;psychometrics:insufficient_evidence,2.50,1.50,2.00,4.00,evidence_mismatch,HOLD_FOR_MORE_EVIDENCE,"personality_psychology: 감정 동요와 걱정·주저의 상위 요인, 상태 불안 및 신경증 경향과의 수렴·변별 타당도, C 대극을 검증한다. | psychometrics: 운영 코드 확정 보류. 감정 동요와 걱정·주저의 상위구조·변별·상태 오염·검사-재검사를 검증하고 C 방향의 의미를 독립 확인한다.",personality_psychology: 두 하위 성향은 관련되지만 구분 가능한 정서 과정이며 이를 Q 한 글자로 묶는 구조와 반대 방향 C의 의미가 아직 확정되지 않았다. | psychometrics: 두 facet을 단일 Q/C 축으로 묶는 구조와 평소 성향 해석이 아직 정량 검증되지 않았다.,NOT_STARTED,false
ENAKQ.general.inner.A,high,personality_psychology;psychometrics,personality_psychology:insufficient_evidence;psychometrics:insufficient_evidence,2.00,1.50,1.50,4.00,unmeasured_inference;evidence_mismatch,HOLD_FOR_MORE_EVIDENCE,personality_psychology: A의 대표 점수와 처음 드는 생각을 동일시하지 말고 동일 장면에서 첫 주의 방향을 별도 반복 측정해 타당화한다. | psychometrics: 운영 보류. 첫 주의를 직접 묻는 다상황 문항의 신뢰도와 A 총점 대비 증분타당도를 검증하고 self_only로 제한한다.,personality_psychology: A 정의를 내적 첫 반응으로 곧바로 해석하지만 현재 요구 신호에 개인 과정 자료가 있어도 그 구조의 타당도가 확보되지 않았다. | psychometrics: domain_scores만으로 내적 주의 순서를 추정할 수 없으며 private_process_signals의 측정 품질도 미확인이다.,NOT_STARTED,false
ENAKQ.general.q.activation,high,personality_psychology;psychometrics,personality_psychology:revise;psychometrics:insufficient_evidence,3.00,2.00,2.50,4.00,evidence_mismatch,HOLD_FOR_MORE_EVIDENCE,personality_psychology: Q의 두 하위 요인과 상태 스트레스를 분리해 제시하고 요인 구조 및 상태 통제 후에만 활성화 경향으로 해석한다. | psychometrics: 운영 보류. 활성화 facet을 상태·표현·회복과 분리하는 요인·다특성다방법 자료와 반복 측정 안정성을 확보한다.,personality_psychology: 불편 상황의 내적 활성화라는 범위는 일관되지만 Q가 감정 동요와 걱정·주저를 하나로 대표하는 구조는 잠정적이다. | psychometrics: 방향 정의는 명확하지만 Q 총점이 활성화만을 안정적으로 반영하는지 확인되지 않았다.,NOT_STARTED,false
ENAKQ.general.q.expression,high,personality_psychology,personality_psychology:accept,4.00,4.00,4.00,4.00,,INTERNAL_ACCEPT_NOT_APPROVED,,personality_psychology: Q에서 외현 행동·감정조절·회복·정신건강·애정의 크기를 추론하지 않는다는 경계는 구성개념 오용을 직접 막고 상태와 행동을 분리한다.,NOT_STARTED,false
ENAKQ.general.response.AA,high,personality_psychology;psychometrics,personality_psychology:revise;psychometrics:insufficient_evidence,2.50,1.50,1.50,4.00,unmeasured_inference;evidence_mismatch,HOLD_FOR_MORE_EVIDENCE,personality_psychology: AA를 발행할 반복 장면 수와 일치도 기준을 정하고 대표 A와 과정 신호가 불일치할 때 보류 규칙을 마련한다. | psychometrics: 운영 보류. 동일 강도의 여러 장면에서 첫 주의와 실제 반응을 독립 측정하고 AA 분류의 재현성과 준거를 검증한다.,personality_psychology: 처음 생각과 실제 반응의 분리는 의미 있으나 A→A라는 안정된 과정 유형을 두 단계 응답에서 도출할 신뢰도 근거가 없다. | psychometrics: 가능한 서술 예시는 합리적이지만 현재 과정 문항 자료로 AA 유형을 발급할 근거가 없다.,NOT_STARTED,false
ENAKQ.general.response.AG,high,personality_psychology;psychometrics,personality_psychology:revise;psychometrics:insufficient_evidence,2.50,1.50,1.50,4.00,unmeasured_inference;evidence_mismatch,HOLD_FOR_MORE_EVIDENCE,personality_psychology: AG를 발행할 반복 장면 수와 상황 일반화 기준을 정하고 행동 이유는 별도 직접 응답이 있을 때만 표시한다. | psychometrics: 운영 보류. 동일 강도의 여러 장면에서 첫 주의와 실제 반응을 독립 측정하고 AG 분류의 재현성과 준거를 검증한다.,personality_psychology: A→G 흐름은 가능한 장면 기술이지만 개인의 반복적 세부 코드로 제시하려면 재검사 및 상황 간 일관성 자료가 필요하다. | psychometrics: 가능한 서술 예시는 합리적이지만 현재 과정 문항 자료로 AG 유형을 발급할 근거가 없다.,NOT_STARTED,false
ENAKQ.general.role.conductor,high,personality_psychology,personality_psychology:revise,2.00,2.00,3.00,3.00,ability_inference;unclear_korean,REVISE_BEFORE_NEXT_GATE,personality_psychology: 지휘자 역할명의 리더십·능력 후광을 인지 면접과 코드 blind 비교로 검증하고 후광이 남으면 더 중립적인 짧은 이름으로 교체한다.,personality_psychology: 본문의 제한 문구는 충실하지만 지휘자 자체가 조율·기획·통솔 능력을 암시해 사용자가 면책 문구보다 이름을 강하게 기억할 가능성이 있다.,NOT_STARTED,false
ENAKQ.general.role.opens,high,personality_psychology,personality_psychology:revise,2.00,2.00,2.00,3.00,unmeasured_inference;deterministic_language,REVISE_BEFORE_NEXT_GATE,personality_psychology: 관계를 연다는 결과 표현을 대화 시작에 관심이 갈 수 있다는 중립 표현으로 낮추고 E·A 상호작용 검증 전에는 결합 효과를 제시하지 않는다.,personality_psychology: 관계를 연다는 말은 성공한 관계 행동을 암시하며 E와 A가 함께 있으면 상대에 맞춰 대화를 시작한다는 조합은 측정되지 않았다.,NOT_STARTED,false
ENAKQ.growth.A_experiment,high,relationship_safety,relationship_safety:accept,3.00,3.00,3.00,4.00,,INTERNAL_ACCEPT_NOT_APPROVED,,relationship_safety: INTERNAL_AGENT_CRITIQUE: 상대 마음을 안다고 가정하지 않고 질문과 본인의 범위를 함께 말하는 자발적 행동 실험으로 제한한다.,NOT_STARTED,false
ENAKQ.growth.check,high,relationship_safety,relationship_safety:revise,3.00,2.00,3.00,2.00,privacy_scope;clinical_overreach,REVISE_BEFORE_NEXT_GATE,relationship_safety: 부담과 생각과 필요 기록은 본인 전용과 최소 보관을 기본으로 하고 반복 기록이 반추를 늘리거나 일상 기능이 저하되면 중단 및 지원 연결을 제공한다.,relationship_safety: INTERNAL_AGENT_CRITIQUE: 환경을 먼저 보는 비난 방지 효과는 기대되지만 민감 상태 기록의 공개 범위와 중단 기준이 원문에 없다.,NOT_STARTED,false
ENAKQ.growth.choice,high,relationship_safety,relationship_safety:accept,4.00,4.00,4.00,4.00,,INTERNAL_ACCEPT_NOT_APPROVED,,relationship_safety: INTERNAL_AGENT_CRITIQUE: 사용자가 바꿀 행동을 직접 고르고 언제든 중단할 수 있으며 코드 방향의 가치 서열과 공개 경쟁을 금지한다.,NOT_STARTED,false
ENAKQ.growth.E_experiment,high,relationship_safety,relationship_safety:accept,3.00,3.00,3.00,4.00,,INTERNAL_ACCEPT_NOT_APPROVED,,relationship_safety: INTERNAL_AGENT_CRITIQUE: 먼저 말하기를 능력이나 의무로 만들지 않고 상대 선택권과 본인 편안함을 함께 평가한다.,NOT_STARTED,false
ENAKQ.growth.K_experiment,high,relationship_safety,relationship_safety:accept,3.00,3.00,3.00,4.00,,INTERNAL_ACCEPT_NOT_APPROVED,,relationship_safety: INTERNAL_AGENT_CRITIQUE: 더 많은 계획을 요구하지 않고 계속할 조건과 바꿀 조건을 함께 정해 강박적 지속과 자기비난을 막는다.,NOT_STARTED,false
ENAKQ.growth.N_experiment,high,relationship_safety,relationship_safety:accept,3.00,3.00,3.00,4.00,,INTERNAL_ACCEPT_NOT_APPROVED,,relationship_safety: INTERNAL_AGENT_CRITIQUE: 탐색의 양을 결과 품질로 평가하지 않고 사용자가 시간을 조정할 수 있는 선택형 실험이다.,NOT_STARTED,false
ENAKQ.growth.nonpromise,high,psychometrics;relationship_safety,psychometrics:accept;relationship_safety:accept,4.00,4.00,4.00,4.00,,INTERNAL_ACCEPT_NOT_APPROVED,,psychometrics: 외부 개입 결과를 짧은 제품 실험의 효과로 옮기지 않고 사용자 선택·재검사·비경쟁 원칙을 분명히 해 추론 범위가 적절하다. | relationship_safety: INTERNAL_AGENT_CRITIQUE: 연구 개입 효과를 짧은 앱 기능의 효과로 전이하지 않고 변화 약속과 좋은 코드 방향을 모두 금지한다.,NOT_STARTED,false
ENAKQ.growth.privacy,critical,psychometrics;relationship_safety,psychometrics:accept;relationship_safety:accept,4.00,3.50,4.00,4.00,,INTERNAL_ACCEPT_NOT_APPROVED,,psychometrics: 선택형 행동 실험을 성향 변화나 등급으로 바꾸지 않고 개인 자료로 제한한 정책은 검사 점수와 개입 결과를 혼동하지 않는다. | relationship_safety: INTERNAL_AGENT_CRITIQUE: 성장 행동을 자발적이고 중단 가능한 본인 전용 기록으로 두며 등급화와 경쟁을 금지해 자율성과 개인정보를 보호한다.,NOT_STARTED,false
ENAKQ.growth.Q_experiment,high,relationship_safety,relationship_safety:revise,3.00,3.00,3.00,2.00,privacy_scope;clinical_overreach,REVISE_BEFORE_NEXT_GATE,relationship_safety: 걱정과 부담 기록은 본인 전용과 선택형으로 두고 기록이 반추나 확인 행동을 늘리면 즉시 중단하며 지속적 기능 저하에는 전문 지원 경로를 안내한다.,relationship_safety: INTERNAL_AGENT_CRITIQUE: Q를 미화하거나 제거 목표로 만들지 않는 점은 좋지만 민감 기록과 증상 악화 시 보호 흐름이 필요하다.,NOT_STARTED,false
ENAKQ.interaction.AQ,high,personality_psychology;psychometrics,personality_psychology:insufficient_evidence;psychometrics:insufficient_evidence,2.00,1.00,1.50,3.50,unmeasured_inference;evidence_mismatch,HOLD_FOR_MORE_EVIDENCE,personality_psychology: A·Q 단일 효과를 분리하고 관계 장면에서 두 축의 통계적 상호작용과 증분 설명력을 검증한다. | psychometrics: 운영 보류. A×Q 상호작용을 사전 등록한 다상황 자료에서 주효과와 구분해 검증하고 확인 행동·관계 맥락을 직접 측정한다.,personality_psychology: 상대 마음 주의와 걱정 활성화가 같은 장면에 공존할 수는 있으나 AQ 조합 고유 패턴이라고 할 근거가 없다. | psychometrics: 두 단일 축 설명을 함께 나열한 것만으로 개인의 조합 반응을 추론할 수 없다.,NOT_STARTED,false
ENAKQ.interaction.boundary,high,psychometrics;relationship_safety,psychometrics:accept;relationship_safety:accept,4.00,4.00,4.00,4.00,,INTERNAL_ACCEPT_NOT_APPROVED,,psychometrics: 주효과와 조합 가설 및 개인화 설명을 단계적으로 구분하고 미측정 행동을 발급하지 않는 경계가 적절하다. | relationship_safety: INTERNAL_AGENT_CRITIQUE: 조합 가설과 개인화 근거를 분리하고 상황과 역할과 피로를 함께 고려해 고정 행동 추론을 막는다.,NOT_STARTED,false
ENAKQ.interaction.EA,high,personality_psychology;psychometrics,personality_psychology:insufficient_evidence;psychometrics:insufficient_evidence,2.00,1.00,1.50,3.50,unmeasured_inference;evidence_mismatch,HOLD_FOR_MORE_EVIDENCE,personality_psychology: E·A 상호작용이 대화 시작 및 상대 조절 행동을 예측하는지 단일 효과와 분리해 검증한다. | psychometrics: 운영 보류. E×A 상호작용을 표현 시작·관계 주의 facet과 실제 장면 반응으로 검증하고 단순 고점 합산과 비교한다.,personality_psychology: 먼저 질문하고 참여 여지를 살피는 모습은 두 정의를 합성한 서사이며 관계 능력과 구분되는 증분 타당도가 없다. | psychometrics: 관계를 여는 행동은 plausible한 예시지만 상호작용 또는 개인화 설명의 근거가 없다.,NOT_STARTED,false
ENAKQ.interaction.ENK,high,personality_psychology;psychometrics,personality_psychology:insufficient_evidence;psychometrics:insufficient_evidence,2.00,1.00,1.00,3.00,unmeasured_inference;ability_inference;evidence_mismatch,HOLD_FOR_MORE_EVIDENCE,personality_psychology: ENK의 상호작용 및 실제 조율 행동을 검증하기 전에는 역할명 근거 또는 강점 서사로 사용하지 않는다. | psychometrics: 운영 보류. E·N·K 세 방향의 상호작용을 실제 시작·탐색·지속 행동으로 검증하고 능력·성과와 분리한다.,personality_psychology: 대화 시작·선택지 확장·후속 실행을 한 사람의 조합 패턴으로 묶는 것은 세 단일 축을 더한 가설이며 기획·조율 능력 후광 위험이 크다. | psychometrics: 세 점수의 결합을 아이디어를 실제 흐름으로 잇는 행동으로 해석할 정량 자료가 없다.,NOT_STARTED,false
ENAKQ.interaction.EQ,high,personality_psychology;psychometrics,personality_psychology:insufficient_evidence;psychometrics:insufficient_evidence,2.00,1.00,1.50,3.50,unmeasured_inference;evidence_mismatch,HOLD_FOR_MORE_EVIDENCE,"personality_psychology: E와 Q의 단일 경향, 내적 활성화, 실제 표현을 같은 사건에서 반복 측정해 상호작용을 검증한다. | psychometrics: 운영 보류. E×Q가 표현 속도나 방식에 미치는 효과를 직접 측정한 반복 자료로 검증한다.",personality_psychology: 걱정 중 타인에게 말해 정리한다는 패턴은 가능하지만 EQ 조합에서 더 나타난다는 근거가 없고 표현은 별도 정보다. | psychometrics: 내적 활성화와 외적 표현을 두 총점 조합으로 연결하면 측정하지 않은 과정을 만든다.,NOT_STARTED,false
ENAKQ.interaction.NAQ,high,personality_psychology;psychometrics,personality_psychology:insufficient_evidence;psychometrics:insufficient_evidence,2.00,1.00,1.00,3.50,unmeasured_inference;evidence_mismatch,HOLD_FOR_MORE_EVIDENCE,personality_psychology: NAQ 조합 문장을 보류하고 세 축의 단일 설명만 제공하며 다변량 상호작용은 충분한 표본으로 사전등록 검증한다. | psychometrics: 운영 보류. 세 축 상호작용을 사전 가설과 충분한 표본으로 검증하고 관계 불확실성·반추 등 인접 구성개념을 통제한다.,personality_psychology: 여러 가능성 중 관계 악화를 오래 생각한다는 서사는 세 축의 의미를 결합한 것으로 실제 증분 효과가 전혀 검증되지 않았다. | psychometrics: 단일 정의만 존재해 NAQ 조합의 사고·행동 문장을 지지하지 못한다.,NOT_STARTED,false
ENAKQ.interaction.NK,high,personality_psychology;psychometrics,personality_psychology:insufficient_evidence;psychometrics:insufficient_evidence,2.00,1.00,1.50,3.50,unmeasured_inference;ability_inference;evidence_mismatch,HOLD_FOR_MORE_EVIDENCE,personality_psychology: N과 K의 단일 경향을 분리하고 탐색 뒤 실행이라는 순차 패턴의 상호작용 및 증분 타당도를 검증한다. | psychometrics: 운영 보류. 탐색과 실행 facet의 상호작용 및 실제 행동 준거를 검증하고 아이디어 품질·성과를 추론하지 않는다.,personality_psychology: 새 가능성을 살핀 뒤 흐름을 이어간다는 설명은 두 정의를 자연스럽게 합친 것이지만 조합 고유의 행동 패턴이라는 근거는 없다. | psychometrics: N과 K의 고점을 가능성 실현 행동으로 연결할 직접 근거가 없다.,NOT_STARTED,false
ENAKQ.interaction.NQ,high,personality_psychology;psychometrics,personality_psychology:insufficient_evidence;psychometrics:insufficient_evidence,2.00,1.00,1.50,3.50,unmeasured_inference;evidence_mismatch,HOLD_FOR_MORE_EVIDENCE,personality_psychology: N과 Q의 단일 효과 및 부정적 가능성에 머무는 시간을 같은 상황에서 측정해 상호작용을 검증한다. | psychometrics: 운영 보류. 가능성 탐색과 걱정의 구분·교차적재 및 N×Q 효과를 경험표집과 확인적 모형으로 검증한다.,personality_psychology: 가능성 탐색이 걱정으로 좁혀지는 흐름은 설득력 있는 가설이지만 N·Q 조합의 증분 효과와 방향성이 검증되지 않았다. | psychometrics: 생각이 많다는 공통 표현만으로 두 구성개념의 조합 효과를 발급할 수 없다.,NOT_STARTED,false
ENAKQ.misread.A,high,personality_psychology;relationship_safety,personality_psychology:accept;relationship_safety:accept,4.00,3.00,4.00,4.00,,INTERNAL_ACCEPT_NOT_APPROVED,,personality_psychology: A에서 공감 능력·친절·자기희생·갈등 회피를 추론하지 않고 첫 주의와 실제 반응을 분리하는 경계는 구성개념 오용을 적절히 막는다. | relationship_safety: INTERNAL_AGENT_CRITIQUE: A를 공감 능력과 친절과 자기희생으로 평가하지 않고 과정 자료 없는 세부 코드를 금지한다.,NOT_STARTED,false
ENAKQ.misread.barnum,high,personality_psychology;relationship_safety,personality_psychology:accept;relationship_safety:accept,4.00,4.00,4.00,4.00,,INTERNAL_ACCEPT_NOT_APPROVED,,personality_psychology: 역할명 자기일치감과 점수 기반 정확성을 구분하고 반례·대상 조건·blind 비교를 요구하는 내용은 포러 효과를 통제하는 타당한 품질 원칙이다. | relationship_safety: INTERNAL_AGENT_CRITIQUE: 긍정적 일반 문장에 대한 자기일치감을 정확성으로 취급하지 않고 조건과 반례와 맹검 비교를 요구한다.,NOT_STARTED,false
ENAKQ.misread.E,high,personality_psychology;relationship_safety,personality_psychology:accept;relationship_safety:accept,4.00,3.00,4.00,4.00,,INTERNAL_ACCEPT_NOT_APPROVED,,personality_psychology: E를 말수·사교성 우열·항상 활발함으로 확대하지 않고 에너지와 표현 시작을 구분하는 설명은 상태 및 상황 변산을 안전하게 반영한다. | relationship_safety: INTERNAL_AGENT_CRITIQUE: E를 말의 양과 사교성으로 낙인찍지 않고 권한 차이와 피로와 관계 친숙도를 포함한다.,NOT_STARTED,false
ENAKQ.misread.K,high,personality_psychology;relationship_safety,personality_psychology:accept;relationship_safety:accept,4.00,3.00,4.00,4.00,,INTERNAL_ACCEPT_NOT_APPROVED,,personality_psychology: K를 도덕성·책임감·생산성·완벽주의와 분리하고 자원과 목표 변화를 함께 보라는 경계는 능력 및 가치 판단을 막는다. | relationship_safety: INTERNAL_AGENT_CRITIQUE: K와 M을 성실성과 게으름의 가치 서열로 만들지 않고 자원과 권한과 조건을 확인한다.,NOT_STARTED,false
ENAKQ.misread.N,high,personality_psychology;relationship_safety,personality_psychology:accept;relationship_safety:accept,4.00,3.00,4.00,4.00,,INTERNAL_ACCEPT_NOT_APPROVED,,personality_psychology: N을 지능·창의 능력·현실성의 우열로 해석하지 않고 탐색 관심과 결과 품질을 분리하는 경계가 명확하다. | relationship_safety: INTERNAL_AGENT_CRITIQUE: N과 R을 지능과 창의성 및 현실성의 우열로 만들지 않고 추측을 사실과 분리하게 한다.,NOT_STARTED,false
ENAKQ.misread.Q,high,personality_psychology;relationship_safety,personality_psychology:accept;relationship_safety:accept,4.00,3.00,4.00,4.00,,INTERNAL_ACCEPT_NOT_APPROVED,,personality_psychology: Q에서 감정조절·위험 판단·회복력·정신건강을 추론하지 않고 감정과 행동 책임을 분리하는 문장은 낙인과 임상 과잉을 줄인다. | relationship_safety: INTERNAL_AGENT_CRITIQUE: Q와 C를 정신건강과 멘탈과 회복력의 우열로 만들지 않고 감정과 유해 행동을 구분한다.,NOT_STARTED,false
ENAKQ.misread.role,high,personality_psychology;relationship_safety,personality_psychology:accept;relationship_safety:revise,3.50,3.50,3.50,3.50,ability_inference;stigma_or_value_judgment,REVISE_BEFORE_NEXT_GATE,relationship_safety: 역할명은 검증된 성향 결론과 시각적으로 분리하고 리더십과 관계 관리 능력을 암시하는지 인지 인터뷰로 확인하며 오인이 지속되면 더 중립적인 이름으로 교체한다.,personality_psychology: 역할명을 능력·직업·지위와 분리하고 일반 긍정 문장의 자기일치감을 정확성으로 취급하지 않는 검증 경계가 분명하다. | relationship_safety: INTERNAL_AGENT_CRITIQUE: 본문은 역할명을 능력과 분리하지만 지휘자라는 첫인상이 설명문보다 먼저 능력과 지위를 암시할 수 있다.,NOT_STARTED,false
ENAKQ.misread.self_other,high,personality_psychology;relationship_safety,personality_psychology:accept;relationship_safety:accept,4.00,4.00,4.00,4.00,,INTERNAL_ACCEPT_NOT_APPROVED,,personality_psychology: 자기보고와 타인 관찰의 정보가 다르며 어느 한쪽도 항상 우월하지 않다는 설명은 의도·행동·영향을 분리하는 성격 지각 연구와 부합한다. | relationship_safety: INTERNAL_AGENT_CRITIQUE: 자기와 타인의 정보 우위를 고정하지 않고 의도와 영향을 구체적 행동으로 나눠 관계 승패에 쓰지 않는다.,NOT_STARTED,false
ENAKQ.partner.ambiguity,high,personality_psychology;psychometrics;relationship_safety,personality_psychology:insufficient_evidence;psychometrics:insufficient_evidence;relationship_safety:revise,2.00,1.33,1.67,3.00,unmeasured_inference;relationship_determinism,HOLD_FOR_MORE_EVIDENCE,personality_psychology: N·A·Q 조합에 관한 문장은 보류하고 관계 불확실성에 대한 일반 경계와 개인의 실제 반응만 제시한다. | psychometrics: 운영 보류. 관계 불확실성·상대 행동·양측 기대와 실제 반응을 직접 측정하고 개인 코드로 관계 의미를 추정하지 않는다. | relationship_safety: N·A·Q 조합을 연인 관계 걱정 패턴으로 개인화하지 말고 직접 반복 측정된 자기보고가 있는 경우에만 가설임을 표시하며 사생활 침해 금지를 먼저 노출한다.,personality_psychology: 답장과 약속 변화에서 부정적 관계 해석이 커진다는 세 축 조합은 검증 전이며 애착 불안과 구분했다는 사실만으로 타당해지지 않는다. | psychometrics: N/A/Q 총점만으로 연인 관계의 모호성 반응을 설명할 근거가 없다. | relationship_safety: INTERNAL_AGENT_CRITIQUE: 애착 불안과 불신 낙인을 피하지만 검증되지 않은 조합 서사가 불안과 확인 행동을 유형 특성처럼 만들 수 있다.,NOT_STARTED,false
ENAKQ.partner.autonomy,high,personality_psychology;psychometrics;relationship_safety,personality_psychology:accept;psychometrics:accept;relationship_safety:accept,4.00,3.67,4.00,4.00,,INTERNAL_ACCEPT_NOT_APPROVED,,"personality_psychology: 관심과 통제, 계획과 선택권, 관계와 개인정보 접근 권한을 분리하고 공개 정보만 비교에 사용한다는 원칙은 구성개념 및 관계 안전에 적절하다. | psychometrics: 선택권과 개인정보를 우선하고 코드로 상대 행동을 요구하지 않는 정책 경계로서 점수 추론을 추가하지 않는다. | relationship_safety: INTERNAL_AGENT_CRITIQUE: 가까운 관계에서도 선택과 사생활을 보장하고 공개 범위 변경 시 비교 접근을 재검증하게 한다.",NOT_STARTED,false
ENAKQ.partner.boundary,high,psychometrics;relationship_safety,psychometrics:accept;relationship_safety:accept,4.00,4.00,4.00,4.00,,INTERNAL_ACCEPT_NOT_APPROVED,,psychometrics: 사랑·헌신·애착·질투·관계 미래를 대표 코드로 예측하지 않는 경계는 필수이며 dyadic 자료의 필요성을 정확히 밝힌다. | relationship_safety: INTERNAL_AGENT_CRITIQUE: 사랑과 헌신과 애착과 질투를 측정하지 않음을 밝히고 다양한 관계 방식과 당사자 합의를 존중한다.,NOT_STARTED,false
ENAKQ.partner.comparison,high,psychometrics;relationship_safety,psychometrics:revise;relationship_safety:accept,3.50,3.00,3.50,4.00,evidence_mismatch,REVISE_BEFORE_NEXT_GATE,psychometrics: 공통점·차이 설명은 두 사람의 공개된 유효 점수와 불확실성만 사용하고 궁합·편안함은 직접 응답이 없으면 질문 형태로만 제시한다.,psychometrics: 비교 계약은 안전하지만 구체 문장이 아직 ENAKQ 점수 차이로 검증된 관계 효과가 아니다. | relationship_safety: INTERNAL_AGENT_CRITIQUE: 비교를 궁합과 잘 맞는 유형으로 바꾸지 않고 공통점과 차이를 직접 확인할 질문으로 제한한다.,NOT_STARTED,false
ENAKQ.partner.conflict,high,personality_psychology;psychometrics;relationship_safety,personality_psychology:accept;psychometrics:insufficient_evidence;relationship_safety:accept,3.33,2.33,3.00,3.67,unmeasured_inference;relationship_determinism,HOLD_FOR_MORE_EVIDENCE,psychometrics: 운영 보류. 갈등 장면의 양측 행동·첫 주의·요청·영향·안전을 직접 측정한 경우에만 설명 후보로 둔다.,personality_psychology: Q나 A에서 갈등 행동을 예측하지 않고 내적 반응·실제 표현·경계 말하기를 구분하며 폭력 상황을 일반 대화 조율에서 제외한다. | psychometrics: 대표 코드와 관계 맥락만으로 갈등 반응과 순서를 발급할 수 없다. | relationship_safety: INTERNAL_AGENT_CRITIQUE: 갈등 행동을 Q와 A로 정당화하지 않고 모욕과 위협과 통제와 폭력에서는 안전 지원을 먼저 둔다.,NOT_STARTED,false
ENAKQ.partner.contact,high,personality_psychology;psychometrics;relationship_safety,personality_psychology:revise;psychometrics:insufficient_evidence;relationship_safety:revise,2.33,1.67,2.00,3.33,unmeasured_inference;relationship_determinism,HOLD_FOR_MORE_EVIDENCE,personality_psychology: E·A 조합을 연락 및 애정 표현 예측으로 쓰지 말고 표현 시작 세부 점수와 실제 연락 선호를 직접 확인한다. | psychometrics: 운영 보류. 연락 행동과 선호를 양측에서 직접 측정하고 일정·알림 습관·관계 단계의 영향을 통제한다. | relationship_safety: 연락과 애정 표현 행동은 E·A로 개인화하지 말고 관계 맥락에서 직접 보고한 선호와 실제 반복 행동이 있을 때만 보여준다.,personality_psychology: 대표 코드에서 먼저 연락하거나 상대 반응을 살피는 행동으로 전이하는 근거는 부족하지만 연락 빈도와 애정 크기를 분리한 경계는 적절하다. | psychometrics: E 점수로 연락 시작이나 애정 표현을 예측하면 애정의 크기로 오해될 수 있다. | relationship_safety: INTERNAL_AGENT_CRITIQUE: 연락 빈도와 애정 크기를 분리하는 보호 문구는 좋지만 대표 코드에서 연인 행동으로 넘어가는 추론은 검증되지 않았다.,NOT_STARTED,false
ENAKQ.partner.context,high,personality_psychology;psychometrics;relationship_safety,personality_psychology:accept;psychometrics:accept;relationship_safety:revise,3.67,2.67,3.33,3.67,unmeasured_inference,REVISE_BEFORE_NEXT_GATE,relationship_safety: 연인 관계에서 E·A·K·Q가 평소보다 선명해질 수 있다는 문장을 검증 전 일반화로 표시하고 개인 결과에는 관계 맥락 측정을 필수로 둔다.,personality_psychology: 대표 코드가 애정·헌신·애착·질투·신뢰·관계 미래를 측정하지 않는다고 명시하고 관계 형태와 성별 규범을 강요하지 않는 경계가 타당하다. | psychometrics: 한 사람의 코드와 양측 관계 자료를 분리하고 다양한 관계 방식을 인정하며 관계 미래를 예측하지 않는 경계가 적절하다. | relationship_safety: INTERNAL_AGENT_CRITIQUE: 다양한 관계 형식과 비결정론 경계는 강하지만 관계가 특성을 증폭한다는 주장은 현재 자료로 확인되지 않았다.,NOT_STARTED,false
ENAKQ.partner.expression,high,personality_psychology;psychometrics;relationship_safety,personality_psychology:revise;psychometrics:insufficient_evidence;relationship_safety:revise,2.33,1.67,2.00,3.33,unmeasured_inference;relationship_determinism,HOLD_FOR_MORE_EVIDENCE,personality_psychology: E·A에서 특정 애정 표현 방식을 유도하지 말고 개인 선호와 실제 행동을 직접 수집해 표시한다. | psychometrics: 운영 보류. 애정 표현 방식과 연락 행동을 양측 직접 보고·관찰로 측정하고 E/A의 추가 설명력을 검증한다. | relationship_safety: 말과 시간과 실제 도움과 신체적 표현의 선호는 대표 코드에서 추론하지 말고 당사자가 직접 공개한 선호만 비교에 사용한다.,personality_psychology: 연락·말·시간·도움 등 표현 방식이 코드로 정해지지 않는다는 제한은 좋지만 앞부분의 E·A 행동 예측은 직접 검증이 없다. | psychometrics: 총점만으로 애정 표현 행동과 상대 경험을 발급할 수 없다. | relationship_safety: INTERNAL_AGENT_CRITIQUE: 애정 표현의 다양성을 인정하지만 E·A에서 특정 시작과 반응 행동을 도출하는 범위가 넓다.,NOT_STARTED,false
ENAKQ.partner.plan,high,personality_psychology;psychometrics;relationship_safety,personality_psychology:insufficient_evidence;psychometrics:insufficient_evidence;relationship_safety:revise,2.00,1.33,1.67,3.00,unmeasured_inference;evidence_mismatch;relationship_determinism,HOLD_FOR_MORE_EVIDENCE,personality_psychology: N·K 조합이 연인 관계의 미래 대화와 계획 지속을 예측한다는 문장을 보류하고 상상·합의·실행을 직접 구분해 수집한다. | psychometrics: 운영 보류. 아이디어 대화·합의·실행을 분리 측정하고 N·K 조합 효과 및 상대의 해석을 양측 자료로 검증한다. | relationship_safety: N·K에서 미래 계획과 실행 흐름을 추론하지 말고 상상과 실제 합의와 장기 약속을 명확히 분리한 직접 응답이 있을 때만 노출한다.,personality_psychology: 미래 선택지를 펼치고 약속을 이어간다는 흐름은 N과 K를 합성한 가설이며 관계 맥락에서 검증되지 않았다. | psychometrics: N과 K 점수만으로 연인 계획 행동이나 약속 이행을 설명할 직접 근거가 없다. | relationship_safety: INTERNAL_AGENT_CRITIQUE: 계획 대화를 헌신으로 오인하지 않게 하는 점은 좋지만 조합 설명 자체가 관계 약속 기대를 만들 수 있다.,NOT_STARTED,false
ENAKQ.partner.repair,high,personality_psychology;psychometrics;relationship_safety,personality_psychology:accept;psychometrics:insufficient_evidence;relationship_safety:revise,3.00,2.00,2.33,3.33,unmeasured_inference;relationship_determinism;privacy_scope,HOLD_FOR_MORE_EVIDENCE,psychometrics: 운영 보류. 갈등 후 감정·행동·연결감의 회복을 양측 반복 자료로 별도 측정하고 코드별 회복법을 발급하지 않는다. | relationship_safety: ENAKQ가 대화를 이어가고 계획을 정리한다는 문장을 제거하고 회복 방식은 본인이 선택해 공유한 정보만 사용하며 감정과 기능 기록은 기본 비공개로 둔다.,personality_psychology: 회복을 대화·행동 변화·정서 안정·재연결의 서로 다른 속도로 보고 ENAKQ 공통 회복법을 정하지 않는 설명은 상태와 행동을 적절히 구분한다. | psychometrics: 회복 방식과 속도는 현재 required_signals로 측정되지 않는다. | relationship_safety: INTERNAL_AGENT_CRITIQUE: 회복을 다차원으로 설명하는 점은 적절하지만 코드 기반 회복 행동과 민감 상태 공유 범위가 분리되지 않았다.,NOT_STARTED,false
ENAKQ.partner.self_check,high,psychometrics;relationship_safety,psychometrics:revise;relationship_safety:accept,3.50,2.50,3.50,4.00,evidence_mismatch,REVISE_BEFORE_NEXT_GATE,psychometrics: 검사 점수와 분리된 선택형 관계 체크리스트로 제공하고 관계 지속·건강성의 결과 점수로 사용하지 않으며 안전성 파일럿을 시행한다.,psychometrics: 일반 자기점검으로는 타당하지만 ENAKQ 기반 개인화 효과는 검증되지 않았다. | relationship_safety: INTERNAL_AGENT_CRITIQUE: 건강한 연애 점수를 만들지 않고 신뢰와 안전을 코드 밖에서 판단하며 몰래 속마음을 알아내는 사용을 금지한다.,NOT_STARTED,false
ENAKQ.partner.similarity,critical,psychometrics;relationship_safety,psychometrics:accept;relationship_safety:accept,4.00,4.00,4.00,4.00,,INTERNAL_ACCEPT_NOT_APPROVED,,psychometrics: 동일 코드 수를 궁합으로 환산하지 않고 측정된 차이를 직접 확인할 질문으로 제한하여 관계 결정론을 피한다. | relationship_safety: INTERNAL_AGENT_CRITIQUE: 같은 코드와 다른 코드를 궁합이나 약점으로 만들지 않고 직접 확인할 기대와 질문으로 제한한다.,NOT_STARTED,false
ENAKQ.partner.support,high,psychometrics;relationship_safety,psychometrics:revise;relationship_safety:accept,3.50,3.50,3.50,4.00,evidence_mismatch;privacy_scope,REVISE_BEFORE_NEXT_GATE,psychometrics: 지원 선호는 매 상황 직접 묻고 저장 시 갱신 가능하게 하며 과정 자료는 명시적 공개 동의가 있을 때만 사용한다.,psychometrics: 지원 질문은 안전하지만 점수로 선호를 예측할 수 없고 private_process_signals의 공개 경계가 중요하다. | relationship_safety: INTERNAL_AGENT_CRITIQUE: 비공개 과정 자료를 비교에서 추정하지 않고 현재 필요한 지원을 직접 물으며 한 번의 선호를 고정 처방으로 저장하지 않는다.,NOT_STARTED,false
ENAKQ.process.boundary,high,psychometrics;relationship_safety,psychometrics:revise;relationship_safety:revise,3.00,2.50,2.50,3.00,evidence_mismatch;privacy_scope,REVISE_BEFORE_NEXT_GATE,psychometrics: 대표 A와 반대 방향 과정 응답의 불일치를 탐색할 사전 규칙을 만들고 과정 코드는 문항 구조·신뢰도·분류 안정성 확인 전 발급하지 않는다. | relationship_safety: G/A 과정 코드는 본인 전용을 기본값으로 하고 세부 과정 공유는 별도 선택과 철회가 가능한 동의를 받아야 하며 대표 공개 코드에서 자동 노출하지 않는다.,psychometrics: 모순 자료를 숨기지 않는 원칙은 적절하지만 G→A·G→G 후보의 측정 구조와 판정 규칙이 미검증이다. | relationship_safety: INTERNAL_AGENT_CRITIQUE: 배려와 기술을 추정하지 않는 경계는 적절하지만 내적 생각과 실제 반응은 공개 프로필보다 민감한 정보라 공개 범위 강화가 필요하다.,NOT_STARTED,false
ENAKQ.process.comparison_boundary,high,psychometrics;relationship_safety,psychometrics:revise;relationship_safety:revise,3.50,2.50,3.00,3.00,evidence_mismatch;privacy_scope;unmeasured_inference,REVISE_BEFORE_NEXT_GATE,psychometrics: 과정 점수의 유효 장면 수·불확실성·버전을 분리 표시하고 비교에서는 self_only 자료를 기본 제외하며 별도 동의와 최소 신뢰도 기준을 요구한다. | relationship_safety: 과정 비교는 두 사람 모두가 해당 세부 필드를 별도로 공유한 경우에만 생성하고 철회 시 파생 비교를 삭제하며 사회적 바람직성 이유를 사용자에게 추정해서 보여주지 않는다.,psychometrics: 표시 원칙은 적절하지만 예시 4개 중 3개와 비교 사용 기준은 정량 검증 없이 확정할 수 없다. | relationship_safety: INTERNAL_AGENT_CRITIQUE: 표본 범위와 비확률성을 밝히는 점은 좋지만 세부 과정과 비채점 피드백은 민감하며 사회적 바람직성 해석은 추가 추론이다.,NOT_STARTED,false
ENAKQ.process.enacted_response,high,personality_psychology;psychometrics,personality_psychology:revise;psychometrics:insufficient_evidence,3.00,2.00,2.50,4.00,evidence_mismatch,HOLD_FOR_MORE_EVIDENCE,personality_psychology: 실제 나타나는 반응의 상황 내 신뢰도와 반복 장면 간 일반화 기준을 정하고 행동 이유는 별도 응답으로만 연결한다. | psychometrics: 실제 반응 문항의 내용타당도·상황 등가성·재현성과 관찰 또는 경험표집 준거를 확보하고 이유 정보는 별도 비채점 맥락으로 유지한다.,personality_psychology: 첫 주의와 실제 행동을 구분하는 개념은 의미 있으나 뉴앙의 두 층위 문항이 안정된 개인차를 측정하는지는 아직 검증되지 않았다. | psychometrics: 생각과 행동을 구분하는 개념은 타당하지만 ENAKQ 과정 측정이 독립 구성개념을 안정적으로 포착하는지 미확인이다.,NOT_STARTED,false
ENAKQ.process.first_orientation,high,personality_psychology;psychometrics,personality_psychology:revise;psychometrics:insufficient_evidence,3.00,2.00,2.50,4.00,evidence_mismatch,HOLD_FOR_MORE_EVIDENCE,personality_psychology: 처음 드는 생각을 본성으로 읽지 않는 경계를 유지하고 반복 장면의 첫 주의 응답이 별도 요인으로 재현되는지 검증한다. | psychometrics: 첫 주의 문항의 회상 편향·사회적 바람직성·상황 강도 영향을 검토하고 실제 반응 척도와의 변별타당도를 확인한다.,personality_psychology: 첫 주의와 행동을 분리한 이론적 구분은 타당하지만 현재 문항과 점수가 두 과정의 개인차를 신뢰롭게 구분하는지 근거가 부족하다. | psychometrics: 정의는 명확하지만 회고식 자기보고가 첫 순간의 주의를 신뢰롭게 측정하는지 자료가 없다.,NOT_STARTED,false
ENAKQ.process.GA,high,personality_psychology;psychometrics,personality_psychology:insufficient_evidence;psychometrics:insufficient_evidence,2.00,1.00,1.50,4.00,unmeasured_inference;evidence_mismatch,HOLD_FOR_MORE_EVIDENCE,"personality_psychology: 대표 A와 G 첫 반응의 불일치를 처리할 채점 규칙, 최소 장면 수, 재검사 신뢰도를 확정하기 전에는 G→A 세부 코드를 발행하지 않는다. | psychometrics: 운영 보류. GA 분류의 최소 문항 수·일치도·재검사·대표 A와의 관계를 검증하고 이유는 직접 응답 없이는 붙이지 않는다.",personality_psychology: 가능한 장면 묘사와 반복적 과정 유형은 다르며 두 응답에서 배려·조절이라는 성향을 도출할 수 없다. | psychometrics: 현재는 가능한 흐름의 정의일 뿐 개인에게 발급할 분류 근거가 없다.,NOT_STARTED,false
ENAKQ.process.GG,high,personality_psychology;psychometrics,personality_psychology:insufficient_evidence;psychometrics:insufficient_evidence,2.00,1.00,1.50,4.00,unmeasured_inference;evidence_mismatch,HOLD_FOR_MORE_EVIDENCE,personality_psychology: 대표 A와 G 첫 반응의 불일치를 먼저 검토하고 충분한 반복 자료와 상황 범위를 확보하기 전에는 G→G 세부 코드를 발행하지 않는다. | psychometrics: 운영 보류. GG 분류의 최소 문항 수·일치도·재검사·대표 A와의 관계를 검증하고 문제 해결 능력을 추론하지 않는다.,personality_psychology: 원인과 해결을 먼저 보고 말하는 장면은 가능하지만 대표 A 사용자의 안정된 하위 유형이라는 근거가 없다. | psychometrics: 현재는 가능한 흐름의 정의일 뿐 개인에게 발급할 분류 근거가 없다.,NOT_STARTED,false
ENAKQ.process.non_inference,high,psychometrics;relationship_safety,psychometrics:accept;relationship_safety:accept,4.00,4.00,4.00,4.00,,INTERNAL_ACCEPT_NOT_APPROVED,,psychometrics: 직접 과정 문항 없이 다른 네 자리의 행동 순서와 Q의 표현을 만들지 않는 제한은 측정 범위를 정확히 지킨다. | relationship_safety: INTERNAL_AGENT_CRITIQUE: 대표 점수로 측정하지 않은 행동 순서와 감정 표현과 회복을 만들어내지 않는 핵심 안전 경계다.,NOT_STARTED,false
ENAKQ.process.personal_display,high,personality_psychology;psychometrics,personality_psychology:revise;psychometrics:revise,3.50,2.00,3.00,4.00,evidence_mismatch;privacy_scope,REVISE_BEFORE_NEXT_GATE,personality_psychology: 유효 장면 수·불확실성·버전을 함께 표시하고 발행 최소 기준과 결과 불일치 처리 규칙을 파일럿으로 확정한다. | psychometrics: 분류 신뢰도·최소 유효 장면·불확실성·버전·동의 규칙을 확정하고 75%를 확률이 아닌 관찰 비율로 명시하며 비교 표시는 별도 공개 동의를 요구한다.,personality_psychology: 대표 코드와 과정 자료를 분리하고 75퍼센트를 성격 확률로 제시하지 않는 설계는 좋지만 4개 중 3개 같은 표시의 신뢰 해석이 아직 정해지지 않았다. | psychometrics: 표시 설계는 신중하지만 현재 임계값과 개인화 문구의 경험적 근거가 부족하다.,NOT_STARTED,false
ENAKQ.process.release_threshold,high,psychometrics;relationship_safety,psychometrics:insufficient_evidence;relationship_safety:insufficient_evidence,2.50,1.50,1.50,4.00,evidence_mismatch,HOLD_FOR_MORE_EVIDENCE,psychometrics: 운영 보류. 최소 세 쌍·두 번 반복이라는 임계값을 시뮬레이션과 파일럿에서 오분류율·안정성·결측 영향을 기준으로 보정한다. | relationship_safety: 세 쌍과 두 번 반복이라는 발급 기준은 독립 심리측정 검토와 정량 파일럿으로 오분류율과 안정성을 확인하기 전 운영하지 않는다.,psychometrics: 제안된 해제 기준은 현재 임의적이며 화살표 분류의 신뢰도를 보장하지 않는다. | relationship_safety: INTERNAL_AGENT_CRITIQUE: 사용자 문구는 안전하지만 과정 코드 발급 기준의 충분성은 관계 안전 역할의 범위를 넘어 측정 근거가 부족하다.,NOT_STARTED,false
ENAKQ.strength.A,high,personality_psychology,personality_psychology:revise,3.00,2.00,3.00,4.00,unmeasured_inference,REVISE_BEFORE_NEXT_GATE,personality_psychology: 강점 명칭 대신 조건부 후보 행동으로 제시하고 A 점수와 실제 영향 확인 행동의 관계를 검증한다.,personality_psychology: 상대 영향을 한 번 더 살피는 행동은 A 정의와 정합적이나 이를 유용한 강점으로 경험하는 조건과 실제 정확성은 측정되지 않았다.,NOT_STARTED,false
ENAKQ.strength.A_overuse,high,personality_psychology,personality_psychology:revise,3.00,1.00,2.00,4.00,unmeasured_inference,REVISE_BEFORE_NEXT_GATE,personality_psychology: A가 높을수록 말 지연이나 선택권 축소가 나타난다는 인과 서사를 제거하고 사용자에게 실제 발생 여부를 묻는 선택적 점검 문장으로 바꾼다.,personality_psychology: 과하게 살필 때의 비용은 가능한 가설이지만 A 점수에서 특정 과사용 결과를 예측하는 자료가 없다.,NOT_STARTED,false
ENAKQ.strength.conditional,high,psychometrics;relationship_safety,psychometrics:accept;relationship_safety:accept,4.00,4.00,4.00,4.00,,INTERNAL_ACCEPT_NOT_APPROVED,,psychometrics: 성향을 능력·덕목·최적 수준으로 바꾸지 않고 실제 행동과 결과를 요구하는 경계가 측정 범위에 부합한다. | relationship_safety: INTERNAL_AGENT_CRITIQUE: 성향을 능력과 덕목으로 인증하지 않고 상황과 실제 행동 결과를 확인하게 해 가치 서열을 막는다.,NOT_STARTED,false
ENAKQ.strength.E,high,personality_psychology,personality_psychology:revise,3.00,2.00,3.00,4.00,unmeasured_inference,REVISE_BEFORE_NEXT_GATE,personality_psychology: 표현 시작 세부 점수에 조건화하고 침묵을 깨는 행동이 실제 도움 되었는지는 상황 및 타인 반응 자료로 확인한다.,personality_psychology: 먼저 질문을 꺼내는 행동은 E의 표현 시작과 맞지만 함께할 사람을 연결한다는 효과까지는 코드로 보장되지 않는다.,NOT_STARTED,false
ENAKQ.strength.E_overuse,high,personality_psychology,personality_psychology:revise,3.00,1.00,2.00,4.00,unmeasured_inference,REVISE_BEFORE_NEXT_GATE,personality_psychology: E에서 타인의 검토 공간 축소나 휴식 침해를 곧바로 예측하지 말고 실제 빈도와 영향을 확인하는 비채점 질문으로 바꾼다.,personality_psychology: 표현 시작이 과하면 생길 수 있는 비용은 plausible하지만 현재 점수와 결과의 곡선 또는 임계 관계가 검증되지 않았다.,NOT_STARTED,false
ENAKQ.strength.interaction,high,personality_psychology,personality_psychology:insufficient_evidence,2.00,1.00,1.00,3.00,unmeasured_inference;ability_inference,HOLD_FOR_MORE_EVIDENCE,personality_psychology: E·A·N·K 결합 강점과 역할명 근거로 사용하지 말고 각 단일 축의 조건부 행동만 분리해 제공한다.,personality_psychology: 사람 연결·선택지 확장·영향 확인·흐름 지속이 잘 맞물린다는 주장은 네 축의 상호작용 및 능력 효과를 암시하지만 검증이 없다.,NOT_STARTED,false
ENAKQ.strength.K,high,personality_psychology,personality_psychology:revise,3.00,2.00,3.00,4.00,unmeasured_inference,REVISE_BEFORE_NEXT_GATE,personality_psychology: K 하위 구조가 확정된 뒤 측정된 시작·복귀·정리 행동만 연결하고 과제 성공이나 약속 이행 효과는 분리한다.,personality_psychology: 다시 이어가고 순서를 정리하는 후보는 K 정의와 맞지만 이를 실제 장면의 도움으로 해석할 준거 타당도가 아직 없다.,NOT_STARTED,false
ENAKQ.strength.K_overuse,high,personality_psychology,personality_psychology:revise,3.00,2.00,2.00,4.00,unmeasured_inference,REVISE_BEFORE_NEXT_GATE,personality_psychology: K가 높을수록 새 정보 반영이 늦어진다는 곡선 효과를 검증하기 전에는 개인 점검용 가능성으로만 제시한다.,personality_psychology: 지속의 과사용 비용은 이론적으로 가능하나 기존 성실성의 곡선 연구가 뉴앙 K의 특정 행동을 직접 지지하지 않는다.,NOT_STARTED,false
ENAKQ.strength.N,high,personality_psychology,personality_psychology:revise,3.00,2.00,3.00,4.00,unmeasured_inference,REVISE_BEFORE_NEXT_GATE,personality_psychology: N 세부 점수에 조건화하고 질문 확장 행동을 창의적 결과와 분리한 채 실제 탐색 장면 자료로 검증한다.,personality_psychology: 가능성 및 연결 탐색은 N 정의에 맞지만 상황에서 유용한 강점으로 나타나는 정도와 조건은 아직 확인되지 않았다.,NOT_STARTED,false
ENAKQ.strength.N_overuse,high,personality_psychology,personality_psychology:revise,3.00,2.00,2.00,4.00,unmeasured_inference,REVISE_BEFORE_NEXT_GATE,personality_psychology: N이 높을수록 결정 지연이나 과도한 의미 부여가 생긴다고 단정하지 말고 실제 경험을 확인하는 선택적 문장으로 제한한다.,personality_psychology: 탐색 지속의 비용은 plausible하지만 점수와 과사용 결과 사이의 관계 및 임계점이 검증되지 않았다.,NOT_STARTED,false
ENAKQ.strength.non_ability,high,psychometrics;relationship_safety,psychometrics:accept;relationship_safety:accept,4.00,3.50,4.00,4.00,,INTERNAL_ACCEPT_NOT_APPROVED,,psychometrics: E·N·A·K·Q 점수로 발표력·아이디어 품질·공감 능력·성과·회복력을 추론하지 않는 제한이 적절하다. | relationship_safety: INTERNAL_AGENT_CRITIQUE: 각 글자를 발표와 창의성과 공감과 성과와 위험 감지 능력으로 확대하지 않는 경계가 명확하다.,NOT_STARTED,false
ENAKQ.strength.Q_nonvirtue,high,psychometrics;relationship_safety,psychometrics:accept;relationship_safety:accept,4.00,3.50,4.00,4.00,,INTERNAL_ACCEPT_NOT_APPROVED,,psychometrics: Q를 감수성·위험 탐지·진심 같은 미측정 장점으로 포장하지 않고 자기관찰 정보로만 제한한다. | relationship_safety: INTERNAL_AGENT_CRITIQUE: Q를 감수성과 진심과 위험 감지의 미화 서사로 바꾸지 않고 자기관찰 정보로만 제한한다.,NOT_STARTED,false
ENAKQ.strength.Q_use,high,personality_psychology,personality_psychology:revise,4.00,3.00,4.00,4.00,evidence_mismatch,REVISE_BEFORE_NEXT_GATE,personality_psychology: Q의 장점이 아니라 측정 결과를 활용한 자기관찰 선택지라고 제목과 문구를 통일하고 각 선택지의 효용을 보장하지 않는다.,personality_psychology: Q를 감수성·위험 탐지로 미화하지 않는 경계는 매우 적절하나 현재 강점 섹션 배치가 반응 자체의 긍정적 효용으로 오해될 수 있다.,NOT_STARTED,false
ENAKQ.strength.role_boundary,high,psychometrics;relationship_safety,psychometrics:revise;relationship_safety:revise,3.00,2.50,3.00,3.50,ability_inference;evidence_mismatch;stigma_or_value_judgment,REVISE_BEFORE_NEXT_GATE,psychometrics: 역할명을 비채점 기억 보조로 명시하고 개인 능력·통합 강점으로 노출하지 않으며 인지 인터뷰에서 리더십·통솔력 오해율을 확인한다. | relationship_safety: 지휘자 역할명을 능력 평가와 분리한 보조 별칭으로 표시하고 첫 화면에서 통솔력과 관계 역량을 암시하는지 인지 인터뷰 후 오인이 크면 중립 명칭으로 교체한다.,psychometrics: 네 방향을 묶은 역할 서사는 검증되지 않았고 지휘자라는 이름이 능력 추론을 유발할 수 있다. | relationship_safety: INTERNAL_AGENT_CRITIQUE: 본문 경계는 강하지만 제목이 먼저 만드는 지도력과 관계 능력 인상을 설명문이 완전히 상쇄하지 못할 수 있다.,NOT_STARTED,false
ENAKQ.stress.activation,high,personality_psychology;psychometrics;relationship_safety,personality_psychology:revise;psychometrics:insufficient_evidence;relationship_safety:revise,3.00,2.33,2.67,3.33,evidence_mismatch;privacy_scope,HOLD_FOR_MORE_EVIDENCE,personality_psychology: Q의 두 하위 요인과 현재 스트레스 노출을 함께 제시하고 상태 영향이 큰 경우 성향 해석을 낮춘다. | psychometrics: Q의 평소 활성화와 최근 상태를 별도 척도로 측정하고 facet 구조·상태 오염·검사-재검사 및 임상 구성개념과의 변별을 확인한다. | relationship_safety: 현재 부담과 건강과 경제와 수면 상태는 본인 전용으로 분리하고 비교에는 명시적으로 공유한 평소 성향만 사용하며 최근 상태를 상대에게 자동 공개하지 않는다.,personality_psychology: 걱정과 불편 정서 활성화라는 범위는 일관되지만 현재 환경 부담을 측정하지 않으면 Q 고유 경향과 상태 효과를 분리할 수 없다. | psychometrics: 경계 문구는 적절하지만 Q 점수 해석 자체가 아직 정량 검증 전이다. | relationship_safety: INTERNAL_AGENT_CRITIQUE: Q를 진단과 회복력으로 바꾸지 않는 점은 좋지만 current_state가 comparison_safe로 연결되면 민감 정보 노출 위험이 있다.,NOT_STARTED,false
ENAKQ.stress.clinical_boundary,critical,psychometrics;relationship_safety,psychometrics:accept;relationship_safety:accept,4.00,3.50,4.00,4.00,,INTERNAL_ACCEPT_NOT_APPROVED,,psychometrics: Q를 진단·원인·회복력으로 바꾸지 않고 기능 저하와 위기에는 별도 지원을 우선하는 경계가 적절하다. | relationship_safety: INTERNAL_AGENT_CRITIQUE: 성향지도가 정신건강 선별과 상담을 대신하지 않음을 밝히고 진단과 원인 추정을 금지한다.,NOT_STARTED,false
ENAKQ.stress.communication,high,personality_psychology;psychometrics;relationship_safety,personality_psychology:accept;psychometrics:revise;relationship_safety:revise,3.33,2.67,3.33,3.33,evidence_mismatch;privacy_scope,REVISE_BEFORE_NEXT_GATE,psychometrics: Q 기반 개인화가 아닌 모든 사용자가 직접 선택할 수 있는 의사소통 옵션으로 제공하고 실제 반응 자료가 충분할 때만 개인 패턴을 표시한다. | relationship_safety: 부담 장면과 행동과 변화 기록은 본인 전용과 최소 보관을 기본으로 하고 비교 리포트에는 사용자가 별도 공유한 지원 선호만 포함한다.,personality_psychology: Q로 발언량·침묵·표정·연락 행동을 정하지 않고 실제 장면의 신호·행동·결과를 별도 기록하게 하는 경계는 추론 범위에 맞다. | psychometrics: Q로 표현 행동을 추론하지 않는 핵심은 타당하지만 제안 문구의 개인화 효용은 미검증이다. | relationship_safety: INTERNAL_AGENT_CRITIQUE: Q에서 표현을 추론하지 않는 경계는 적절하지만 구체적인 스트레스 기록은 관계 비교용 정보가 아니다.,NOT_STARTED,false
ENAKQ.stress.crossload,high,personality_psychology;psychometrics;relationship_safety,personality_psychology:revise;psychometrics:revise;relationship_safety:revise,2.67,2.00,2.67,3.67,evidence_mismatch;unmeasured_inference,REVISE_BEFORE_NEXT_GATE,personality_psychology: N·K·Q의 구분을 가설로 표시하고 문항 간 교차부하와 요인 변별성이 확인된 뒤에만 생각의 기능을 코드로 분류한다. | psychometrics: N·K·Q 판별 설명은 각 facet의 유효 점수와 직접 생각 자료가 있을 때만 제공하고 N×Q 조합 문장은 검증 전 별도 가설로 표시한다. | relationship_safety: N과 Q가 함께 선명할 때 부정적 설명이 오래 이어진다는 조합 가설은 정량 검증 전 개인화 노출하지 않고 직접 응답 문항 범위만 설명한다.,personality_psychology: 가능성 탐색·계획 확인·부정적 결과 걱정을 개념적으로 나눈 것은 좋지만 뉴앙 문항이 실제로 세 과정을 구분하는지 검증 전이다. | psychometrics: 구성개념 구분은 중요하지만 개인의 생각 내용을 총점으로 분류하는 것은 아직 근거를 앞선다. | relationship_safety: INTERNAL_AGENT_CRITIQUE: 탐색과 계획과 걱정을 구분하는 교육은 유용하지만 검증되지 않은 조합이 걱정 패턴을 유형화한다.,NOT_STARTED,false
ENAKQ.stress.environment,high,psychometrics;relationship_safety,psychometrics:revise;relationship_safety:revise,3.50,3.00,3.50,3.00,evidence_mismatch;privacy_scope,REVISE_BEFORE_NEXT_GATE,psychometrics: 점수와 무관한 선택형 환경 점검으로 제공하고 도움·부작용·반복 사용 부담을 파일럿에서 확인한다. | relationship_safety: 사실과 생각과 반응과 필요 기록은 본인 전용으로 두고 공유는 지원 요청 항목만 별도 선택하게 하며 저장과 삭제와 중단 기준을 명시한다.,psychometrics: 환경을 먼저 확인하는 경계는 적절하지만 작은 실험의 효과는 제품 가설이다. | relationship_safety: INTERNAL_AGENT_CRITIQUE: 환경을 먼저 보는 접근은 비난을 줄이지만 current_state를 포함한 자기관찰 기록의 비교 공개 범위가 과도하다.,NOT_STARTED,false
ENAKQ.stress.reactivity_recovery_boundary,high,psychometrics;relationship_safety,psychometrics:accept;relationship_safety:revise,4.00,4.00,3.50,3.00,privacy_scope;clinical_overreach,REVISE_BEFORE_NEXT_GATE,relationship_safety: 반응성과 회복의 교육 문구와 상태 추적 기능을 분리하고 잠과 식사와 일상 기능 기록은 본인 전용 민감정보로 처리하며 악화 또는 즉각 위험에는 안전 지원으로 전환한다.,psychometrics: 반응성과 회복을 구분하고 실험실·일상 일반화의 한계를 명시하며 Q에서 회복 속도를 추론하지 않아 범위가 적절하다. | relationship_safety: INTERNAL_AGENT_CRITIQUE: 반응성과 회복을 구분하는 경계는 타당하지만 상태 추적 항목은 정신건강 선별처럼 받아들여질 수 있다.,NOT_STARTED,false
ENAKQ.stress.recovery,high,psychometrics;relationship_safety,psychometrics:insufficient_evidence;relationship_safety:revise,3.00,2.00,2.50,3.00,evidence_mismatch;privacy_scope;clinical_overreach,HOLD_FOR_MORE_EVIDENCE,psychometrics: 회복 지표와 선호를 본인이 선택해 반복 측정하고 Q와 분리된 회복 척도의 신뢰도·민감도·해석 기준을 검증한다. | relationship_safety: 회복 완료를 판정하지 않는 원칙을 유지하되 감정과 걱정과 수면과 식사와 기능 기록은 본인 전용으로 두고 제품 효과나 치료 경과로 해석하지 않으며 악화 시 지원 흐름을 둔다.,psychometrics: 회복이 별도 정보라는 경계는 타당하지만 개인 회복 설명을 발급할 자료와 기준이 없다. | relationship_safety: INTERNAL_AGENT_CRITIQUE: 공통 회복 처방을 피하는 점은 좋지만 민감 상태의 비교 사용과 임상적 오인 위험이 남는다.,NOT_STARTED,false
ENAKQ.stress.safety,critical,psychometrics;relationship_safety,psychometrics:accept;relationship_safety:revise,4.00,3.50,3.50,3.00,clinical_overreach;other,REVISE_BEFORE_NEXT_GATE,relationship_safety: 자해와 타해와 폭력과 즉각 위험 신호에는 성향 콘텐츠를 중단하고 위치에 맞는 응급 번호와 위기 상담과 신뢰할 수 있는 사람 연결을 우선하는 실행 계약을 둔다.,psychometrics: 위기·폭력 상황에서 성향 안내보다 안전 자원을 우선하고 민감 정보를 비교에 쓰지 않는 정책이 명확하다. | relationship_safety: INTERNAL_AGENT_CRITIQUE: 안전 우선 원칙은 옳지만 필요한 안전 자원이라는 추상 표현만으로는 실제 위기 상황의 즉시 행동을 보장하지 못한다.,NOT_STARTED,false
ENAKQ.stress.self_check,high,psychometrics;relationship_safety,psychometrics:revise;relationship_safety:revise,3.00,3.00,3.50,3.00,evidence_mismatch;privacy_scope;clinical_overreach,REVISE_BEFORE_NEXT_GATE,psychometrics: 검사 점수와 분리된 선택형 자기관찰로 제공하고 위기·기능 저하 선별 흐름과 중단 선택을 포함해 안전성 파일럿을 시행한다. | relationship_safety: 자기관찰은 선택형이고 중단 가능하게 하며 민감 기록을 기본 비공개로 두고 반복 기록이 부담을 키우거나 기능 저하가 이어지면 전문 지원을 안내한다.,psychometrics: 일반 자기관찰 도구로는 적절하지만 ENAKQ 맞춤 효과는 검증되지 않았다. | relationship_safety: INTERNAL_AGENT_CRITIQUE: 자기비난을 줄이는 구조는 유용하지만 비교용 현재 상태 신호와 안전 중단 조건이 분리되어야 한다.,NOT_STARTED,false
ENAKQ.stress.state_boundary,high,psychometrics;relationship_safety,psychometrics:accept;relationship_safety:accept,4.00,4.00,4.00,4.00,,INTERNAL_ACCEPT_NOT_APPROVED,,psychometrics: 평소 성향과 최근 상태·환경·표현·회복을 분리하고 Q를 진단이나 약함으로 바꾸지 않는 경계가 적절하다. | relationship_safety: INTERNAL_AGENT_CRITIQUE: 최근 상태와 평소 경향을 구분하고 Q와 C를 진단과 회복력과 감정 조절 능력으로 해석하지 않는다.,NOT_STARTED,false
ENAKQ.stress.support_preference,high,psychometrics;relationship_safety,psychometrics:insufficient_evidence;relationship_safety:revise,3.00,2.00,2.50,3.50,unmeasured_inference;evidence_mismatch;privacy_scope,HOLD_FOR_MORE_EVIDENCE,psychometrics: 지원 선호를 매 상황 직접 묻고 recovery_preference와 current_state를 별도 수집하며 Q나 다른 domain 점수로 자동 추천하지 않는다. | relationship_safety: 비교에는 사용자가 직접 선택해 공유한 지원 선호만 포함하고 현재 부담과 회복 기록은 본인 전용으로 유지하며 공유 동의는 언제든 철회 가능하게 한다.,psychometrics: 지원 선호는 성향 총점에서 도출되지 않으며 상황에 따라 변할 가능성이 크다. | relationship_safety: INTERNAL_AGENT_CRITIQUE: 지원을 처방하거나 상대 의무로 만들지 않는 점은 좋지만 current_state와 선호 정보의 공개 범위가 섞여 있다.,NOT_STARTED,false
ENAKQ.stress.worry,high,personality_psychology;psychometrics;relationship_safety,personality_psychology:insufficient_evidence;psychometrics:insufficient_evidence;relationship_safety:revise,2.33,1.67,2.00,3.67,evidence_mismatch;unmeasured_inference,HOLD_FOR_MORE_EVIDENCE,"personality_psychology: Q 걱정·주저 하위척도의 요인 구조, 신뢰도, 상태 불안과의 수렴·변별 타당도를 확보한 뒤 발행한다. | psychometrics: 걱정·주저 facet의 내용타당도·구조·상태 오염·임상 불안과의 변별 및 행동 망설임 준거를 검증한다. | relationship_safety: N·Q 조합의 부정적 가능성 지속 가설은 정량 검증 전 노출하지 않고 Q 세부 점수와 해당 문항이 직접 측정한 걱정 및 주저 범위만 설명한다.",personality_psychology: 실패 가능성이 반복해 떠오르고 행동을 망설이는 정의는 이해 가능하지만 이 내용이 안정된 Q 하위 성향인지 정량 자료가 없다. | psychometrics: 인접 척도 정의는 있으나 ENAKQ Q의 facet 점수 해석은 아직 정량 검증 전이다. | relationship_safety: INTERNAL_AGENT_CRITIQUE: 생각이 많다는 낙인을 피하지만 조합 주장은 걱정과 임상 불안의 경계를 흐릴 수 있다.,NOT_STARTED,false
ENAKQ.study.pattern,high,personality_psychology;psychometrics,personality_psychology:insufficient_evidence;psychometrics:insufficient_evidence,2.00,1.00,1.50,3.50,unmeasured_inference;ability_inference,HOLD_FOR_MORE_EVIDENCE,personality_psychology: N·K 단일 경향과 실제 학습 전략을 분리하고 단계별 상호작용과 학습 맥락 전이를 검증한다. | psychometrics: 운영 보류. 학습 행동·과제 유형·기술·자원과 N/K facet을 직접 측정하고 성과와 분리해 증분타당도를 확인한다.,personality_psychology: 개념 탐색 뒤 계획을 이어간다는 학습 패턴은 두 축을 합성한 가설이며 이해력·성적을 부정해도 행동 설명 자체의 근거는 부족하다. | psychometrics: N/K 총점으로 공부 패턴이나 실행을 개인화할 직접 근거가 없다.,NOT_STARTED,false
ENAKQ.study.support,high,psychometrics;relationship_safety,psychometrics:insufficient_evidence;relationship_safety:accept,3.00,2.00,3.00,4.00,unmeasured_inference;evidence_mismatch,HOLD_FOR_MORE_EVIDENCE,psychometrics: 학습 지원 선호와 실제 도움을 직접 반복 측정하고 코드별 자동 처방을 하지 않는다.,psychometrics: 개인화 제품 가설만 존재하며 필요한 지원은 별도 정보다. | relationship_safety: INTERNAL_AGENT_CRITIQUE: 코드로 성적과 이해력과 공부법을 자동 추천하지 않고 실제 시험 결과와 환경 및 필요한 지원을 확인한다.,NOT_STARTED,false
ENAKQ.work.boundary,critical,psychometrics;relationship_safety,psychometrics:accept;relationship_safety:accept,4.00,4.00,4.00,4.00,,INTERNAL_ACCEPT_NOT_APPROVED,,psychometrics: 코드를 채용·성과·직무 적합성 판정에 쓰지 않는 제한은 성향 점수의 준거 타당도가 확보되지 않은 현재 단계에 필수적이다. | relationship_safety: INTERNAL_AGENT_CRITIQUE: 직업 적합성과 성과를 예측하지 않고 고용 의사결정과 동의 없는 동료 조회를 금지해 차별 위험을 줄인다.,NOT_STARTED,false
ENAKQ.work.collaboration,high,personality_psychology;psychometrics,personality_psychology:revise;psychometrics:insufficient_evidence,2.50,1.50,2.00,3.50,unmeasured_inference;ability_inference,HOLD_FOR_MORE_EVIDENCE,personality_psychology: A 점수에서 협업 배려 행동을 예측하지 말고 관계 주의와 실제 확인·피드백 행동을 별도 측정한다. | psychometrics: 운영 보류. 협업 행동·과업 상호의존성·팀 규범·역할을 직접 측정하고 A 점수의 추가 설명력을 검증한다.,personality_psychology: 결정의 대인 영향을 살필 수 있다는 설명은 A와 맞지만 사람 관리 능력을 부정하더라도 업무 행동으로의 전이 근거가 부족하다. | psychometrics: A 정의와 trait activation 간접 근거로 협업 능력이나 행동을 발급할 수 없다.,NOT_STARTED,false
ENAKQ.work.context,high,personality_psychology;psychometrics,personality_psychology:accept;psychometrics:accept,4.00,4.00,4.00,4.00,,INTERNAL_ACCEPT_NOT_APPROVED,,personality_psychology: 역할·권한·문화·자원과 특성 활성화를 분리하고 행동과 성과 평가를 구분하는 설명은 사람-상황 및 특성 활성화 관점과 부합한다. | psychometrics: 업무 행동이 과업·역할·환경에 따라 달라지고 성향만으로 직무 적합성을 판정할 수 없다는 경계가 적절하다.,NOT_STARTED,false
ENAKQ.work.evaluation,high,personality_psychology;psychometrics,personality_psychology:revise;psychometrics:insufficient_evidence,2.50,1.50,2.00,3.50,evidence_mismatch;unmeasured_inference,HOLD_FOR_MORE_EVIDENCE,personality_psychology: Q 하위 점수와 현재 평가 상황의 부담을 함께 측정하고 지원 방식은 개인 경험 자료가 있을 때만 제안한다. | psychometrics: 운영 보류. 평가 장면의 상태 걱정·행동·최근 부담을 직접 측정하고 Q 평소 점수와 분리한다.,personality_psychology: 평가 불확실성에서 걱정이 커질 수 있다는 가설은 정합적이나 업무 장면 전이와 감정 동요 결합을 직접 검증하지 않았다. | psychometrics: Q 총점과 업무 맥락만으로 평가 반응을 예측할 근거가 없다.,NOT_STARTED,false
ENAKQ.work.followthrough,high,personality_psychology;psychometrics,personality_psychology:revise;psychometrics:insufficient_evidence,3.00,2.00,2.50,3.50,evidence_mismatch;unmeasured_inference;ability_inference,HOLD_FOR_MORE_EVIDENCE,personality_psychology: K 하위 구조와 업무 장면의 시작·복귀·정리 행동을 연결한 준거 타당도를 확보하고 성과와는 계속 분리한다. | psychometrics: 운영 보류. K facet별 점수와 실제 업무 지속 행동을 자원·역할 명확성·마감과 함께 측정해 준거타당도를 검증한다.,personality_psychology: 환경과 능력 조건을 충실히 제한했지만 K 점수가 실제 업무 지속 행동을 어느 정도 설명하는지 자료가 부족하다. | psychometrics: K를 업무 이행으로 확장하면 책임감·생산성으로 오해될 수 있고 직접 준거 자료가 없다.,NOT_STARTED,false
ENAKQ.work.ideation,high,personality_psychology;psychometrics,personality_psychology:revise;psychometrics:insufficient_evidence,2.50,2.00,2.00,3.50,evidence_mismatch;ability_inference,HOLD_FOR_MORE_EVIDENCE,personality_psychology: N과 기존 개방성·지성의 관계를 확인하고 새 관점 탐색과 실제 아이디어 생성 활동을 별도 지표로 검증한다. | psychometrics: 운영 보류. 아이디어 생성 행동과 품질·창의성 평가를 구분하고 N facet의 준거 및 증분타당도를 검증한다.,personality_psychology: 창의 능력 및 성취와 구분한 것은 적절하지만 N 점수에서 업무 아이디어 탐색 행동으로 전이하는 직접 근거는 없다. | psychometrics: N 정의만으로 업무 아이디어 강점을 발급하면 능력 추론이 된다.,NOT_STARTED,false
ENAKQ.work.learning,high,personality_psychology;psychometrics,personality_psychology:revise;psychometrics:insufficient_evidence,2.50,1.50,2.00,3.50,evidence_mismatch;unmeasured_inference;ability_inference,HOLD_FOR_MORE_EVIDENCE,personality_psychology: N 세부 점수와 실제 학습 중 원리·연결 탐색 행동을 함께 측정해 맥락 전이를 확인한다. | psychometrics: 운영 보류. 학습 선택·전략·실제 습득을 분리 측정하고 N 점수가 수행을 예측한다고 표현하지 않는다.,personality_psychology: 다른 관점과 원리를 살피는 후보 행동은 N 정의와 맞지만 업무 및 학습에서 반복된다는 준거 타당도가 부족하다. | psychometrics: N 총점으로 업무 학습 방식이나 능력을 개인화할 근거가 없다.,NOT_STARTED,false
ENAKQ.work.performance_boundary,high,psychometrics;relationship_safety,psychometrics:accept;relationship_safety:accept,4.00,4.00,4.00,4.00,,INTERNAL_ACCEPT_NOT_APPROVED,,psychometrics: K를 책임감·생산성·성과로 바꾸지 않고 자원·기술·기회·팀 요인을 남겨 두어 성향 점수의 한계를 정확히 지킨다. | relationship_safety: INTERNAL_AGENT_CRITIQUE: K를 책임감과 근면성과 생산성으로 바꾸지 않고 성과를 지식과 자원과 기회와 팀 조건에서 분리한다.,NOT_STARTED,false
ENAKQ.work.self_check,high,psychometrics;relationship_safety,psychometrics:revise;relationship_safety:accept,3.50,3.00,4.00,4.00,evidence_mismatch,REVISE_BEFORE_NEXT_GATE,psychometrics: 코드 기반 직업 추천이 아닌 선택형 경험 기록으로 제공하고 고용 판단에 쓰지 않으며 유용성·부담을 파일럿으로 확인한다.,psychometrics: 과업·환경을 확인하는 원칙은 적절하지만 ENAKQ 맞춤 자기점검의 효과는 미검증이다. | relationship_safety: INTERNAL_AGENT_CRITIQUE: 직업 적합성과 성과 판정을 금지하고 동의 없는 업무 코드 조회와 고용 활용을 차단한다.,NOT_STARTED,false
ENAKQ.work.support,high,psychometrics;relationship_safety,psychometrics:revise;relationship_safety:accept,3.50,2.50,3.50,4.00,evidence_mismatch,REVISE_BEFORE_NEXT_GATE,psychometrics: 지원 조건은 사용자의 직접 경험과 현재 과업에서만 제안하고 domain_scores로 자동 처방하지 않으며 갱신 가능하게 한다.,psychometrics: 지원 선호는 별도 정보이고 trait activation 연구만으로 개인 처방을 정할 수 없다. | relationship_safety: INTERNAL_AGENT_CRITIQUE: 지원 조건을 코드로 처방하지 않고 실제 경험으로 확인하며 업무 평가와 개인정보 사용을 금지한다.,NOT_STARTED,false
ENAKQ.work.voice,high,personality_psychology;psychometrics,personality_psychology:revise;psychometrics:insufficient_evidence,2.50,1.50,2.00,3.50,evidence_mismatch;unmeasured_inference;ability_inference,HOLD_FOR_MORE_EVIDENCE,personality_psychology: 표현 시작 세부 점수와 회의 발언·문서 참여 행동을 분리해 측정하고 조직의 발언 기회와 권력 차이를 함께 모델링한다. | psychometrics: 운영 보류. 표현 시작 facet과 회의 발언·문서 기여를 팀 규범·지위·기회와 함께 측정하고 E의 증분타당도를 검증한다.,personality_psychology: 리더십·설득력과 분리한 경계는 좋지만 대표 E가 업무 발언 시작으로 나타나는 정도는 팀 문화와 권한에 크게 좌우된다. | psychometrics: E 총점으로 업무 발언 행동을 발급하면 참여 능력이나 리더십으로 오인될 수 있다.,NOT_STARTED,false
